"DATEKEY","DATEVALUE","CYEAR","CQTR","CMONTH","DAYNO","STARTOFMONTH","ENDOFMONTH","MONTHNAME","DAYOFWEEKNAME"
20130823,2013-08-23,2013,3,8,23,2013-08-01,2013-08-31,"AUGUST   ","FRI"
20130824,2013-08-24,2013,3,8,24,2013-08-01,2013-08-31,"AUGUST   ","SAT"
20130825,2013-08-25,2013,3,8,25,2013-08-01,2013-08-31,"AUGUST   ","SUN"
20130826,2013-08-26,2013,3,8,26,2013-08-01,2013-08-31,"AUGUST   ","MON"
20130827,2013-08-27,2013,3,8,27,2013-08-01,2013-08-31,"AUGUST   ","TUE"
20130828,2013-08-28,2013,3,8,28,2013-08-01,2013-08-31,"AUGUST   ","WED"
20130829,2013-08-29,2013,3,8,29,2013-08-01,2013-08-31,"AUGUST   ","THU"
20130830,2013-08-30,2013,3,8,30,2013-08-01,2013-08-31,"AUGUST   ","FRI"
20130831,2013-08-31,2013,3,8,31,2013-08-01,2013-08-31,"AUGUST   ","SAT"
20130901,2013-09-01,2013,3,9,1,2013-09-01,2013-09-30,"SEPTEMBER","SUN"
20130902,2013-09-02,2013,3,9,2,2013-09-01,2013-09-30,"SEPTEMBER","MON"
20130903,2013-09-03,2013,3,9,3,2013-09-01,2013-09-30,"SEPTEMBER","TUE"
20130904,2013-09-04,2013,3,9,4,2013-09-01,2013-09-30,"SEPTEMBER","WED"
20130905,2013-09-05,2013,3,9,5,2013-09-01,2013-09-30,"SEPTEMBER","THU"
20130906,2013-09-06,2013,3,9,6,2013-09-01,2013-09-30,"SEPTEMBER","FRI"
20130907,2013-09-07,2013,3,9,7,2013-09-01,2013-09-30,"SEPTEMBER","SAT"
20130908,2013-09-08,2013,3,9,8,2013-09-01,2013-09-30,"SEPTEMBER","SUN"
20130909,2013-09-09,2013,3,9,9,2013-09-01,2013-09-30,"SEPTEMBER","MON"
20130910,2013-09-10,2013,3,9,10,2013-09-01,2013-09-30,"SEPTEMBER","TUE"
20130911,2013-09-11,2013,3,9,11,2013-09-01,2013-09-30,"SEPTEMBER","WED"
20130912,2013-09-12,2013,3,9,12,2013-09-01,2013-09-30,"SEPTEMBER","THU"
20130913,2013-09-13,2013,3,9,13,2013-09-01,2013-09-30,"SEPTEMBER","FRI"
20130914,2013-09-14,2013,3,9,14,2013-09-01,2013-09-30,"SEPTEMBER","SAT"
20130915,2013-09-15,2013,3,9,15,2013-09-01,2013-09-30,"SEPTEMBER","SUN"
20130916,2013-09-16,2013,3,9,16,2013-09-01,2013-09-30,"SEPTEMBER","MON"
20130917,2013-09-17,2013,3,9,17,2013-09-01,2013-09-30,"SEPTEMBER","TUE"
20130918,2013-09-18,2013,3,9,18,2013-09-01,2013-09-30,"SEPTEMBER","WED"
20130919,2013-09-19,2013,3,9,19,2013-09-01,2013-09-30,"SEPTEMBER","THU"
20130920,2013-09-20,2013,3,9,20,2013-09-01,2013-09-30,"SEPTEMBER","FRI"
20130921,2013-09-21,2013,3,9,21,2013-09-01,2013-09-30,"SEPTEMBER","SAT"
20130922,2013-09-22,2013,3,9,22,2013-09-01,2013-09-30,"SEPTEMBER","SUN"
20130923,2013-09-23,2013,3,9,23,2013-09-01,2013-09-30,"SEPTEMBER","MON"
20130924,2013-09-24,2013,3,9,24,2013-09-01,2013-09-30,"SEPTEMBER","TUE"
20130925,2013-09-25,2013,3,9,25,2013-09-01,2013-09-30,"SEPTEMBER","WED"
20130926,2013-09-26,2013,3,9,26,2013-09-01,2013-09-30,"SEPTEMBER","THU"
20130927,2013-09-27,2013,3,9,27,2013-09-01,2013-09-30,"SEPTEMBER","FRI"
20130928,2013-09-28,2013,3,9,28,2013-09-01,2013-09-30,"SEPTEMBER","SAT"
20130929,2013-09-29,2013,3,9,29,2013-09-01,2013-09-30,"SEPTEMBER","SUN"
20130930,2013-09-30,2013,3,9,30,2013-09-01,2013-09-30,"SEPTEMBER","MON"
20131001,2013-10-01,2013,4,10,1,2013-10-01,2013-10-31,"OCTOBER  ","TUE"
20131002,2013-10-02,2013,4,10,2,2013-10-01,2013-10-31,"OCTOBER  ","WED"
20131003,2013-10-03,2013,4,10,3,2013-10-01,2013-10-31,"OCTOBER  ","THU"
20131004,2013-10-04,2013,4,10,4,2013-10-01,2013-10-31,"OCTOBER  ","FRI"
20131005,2013-10-05,2013,4,10,5,2013-10-01,2013-10-31,"OCTOBER  ","SAT"
20131006,2013-10-06,2013,4,10,6,2013-10-01,2013-10-31,"OCTOBER  ","SUN"
20131007,2013-10-07,2013,4,10,7,2013-10-01,2013-10-31,"OCTOBER  ","MON"
20131008,2013-10-08,2013,4,10,8,2013-10-01,2013-10-31,"OCTOBER  ","TUE"
20131009,2013-10-09,2013,4,10,9,2013-10-01,2013-10-31,"OCTOBER  ","WED"
20131010,2013-10-10,2013,4,10,10,2013-10-01,2013-10-31,"OCTOBER  ","THU"
20131011,2013-10-11,2013,4,10,11,2013-10-01,2013-10-31,"OCTOBER  ","FRI"
20131012,2013-10-12,2013,4,10,12,2013-10-01,2013-10-31,"OCTOBER  ","SAT"
20131013,2013-10-13,2013,4,10,13,2013-10-01,2013-10-31,"OCTOBER  ","SUN"
20131014,2013-10-14,2013,4,10,14,2013-10-01,2013-10-31,"OCTOBER  ","MON"
20131015,2013-10-15,2013,4,10,15,2013-10-01,2013-10-31,"OCTOBER  ","TUE"
20131016,2013-10-16,2013,4,10,16,2013-10-01,2013-10-31,"OCTOBER  ","WED"
20131017,2013-10-17,2013,4,10,17,2013-10-01,2013-10-31,"OCTOBER  ","THU"
20131018,2013-10-18,2013,4,10,18,2013-10-01,2013-10-31,"OCTOBER  ","FRI"
20131019,2013-10-19,2013,4,10,19,2013-10-01,2013-10-31,"OCTOBER  ","SAT"
20131020,2013-10-20,2013,4,10,20,2013-10-01,2013-10-31,"OCTOBER  ","SUN"
20131021,2013-10-21,2013,4,10,21,2013-10-01,2013-10-31,"OCTOBER  ","MON"
20131022,2013-10-22,2013,4,10,22,2013-10-01,2013-10-31,"OCTOBER  ","TUE"
20131023,2013-10-23,2013,4,10,23,2013-10-01,2013-10-31,"OCTOBER  ","WED"
20131024,2013-10-24,2013,4,10,24,2013-10-01,2013-10-31,"OCTOBER  ","THU"
20131025,2013-10-25,2013,4,10,25,2013-10-01,2013-10-31,"OCTOBER  ","FRI"
20131026,2013-10-26,2013,4,10,26,2013-10-01,2013-10-31,"OCTOBER  ","SAT"
20131027,2013-10-27,2013,4,10,27,2013-10-01,2013-10-31,"OCTOBER  ","SUN"
20131028,2013-10-28,2013,4,10,28,2013-10-01,2013-10-31,"OCTOBER  ","MON"
20131029,2013-10-29,2013,4,10,29,2013-10-01,2013-10-31,"OCTOBER  ","TUE"
20131030,2013-10-30,2013,4,10,30,2013-10-01,2013-10-31,"OCTOBER  ","WED"
20131031,2013-10-31,2013,4,10,31,2013-10-01,2013-10-31,"OCTOBER  ","THU"
20131101,2013-11-01,2013,4,11,1,2013-11-01,2013-11-30,"NOVEMBER ","FRI"
20131102,2013-11-02,2013,4,11,2,2013-11-01,2013-11-30,"NOVEMBER ","SAT"
20131103,2013-11-03,2013,4,11,3,2013-11-01,2013-11-30,"NOVEMBER ","SUN"
20131104,2013-11-04,2013,4,11,4,2013-11-01,2013-11-30,"NOVEMBER ","MON"
20131105,2013-11-05,2013,4,11,5,2013-11-01,2013-11-30,"NOVEMBER ","TUE"
20131106,2013-11-06,2013,4,11,6,2013-11-01,2013-11-30,"NOVEMBER ","WED"
20131107,2013-11-07,2013,4,11,7,2013-11-01,2013-11-30,"NOVEMBER ","THU"
20131108,2013-11-08,2013,4,11,8,2013-11-01,2013-11-30,"NOVEMBER ","FRI"
20131109,2013-11-09,2013,4,11,9,2013-11-01,2013-11-30,"NOVEMBER ","SAT"
20131110,2013-11-10,2013,4,11,10,2013-11-01,2013-11-30,"NOVEMBER ","SUN"
20131111,2013-11-11,2013,4,11,11,2013-11-01,2013-11-30,"NOVEMBER ","MON"
20131112,2013-11-12,2013,4,11,12,2013-11-01,2013-11-30,"NOVEMBER ","TUE"
20131113,2013-11-13,2013,4,11,13,2013-11-01,2013-11-30,"NOVEMBER ","WED"
20131114,2013-11-14,2013,4,11,14,2013-11-01,2013-11-30,"NOVEMBER ","THU"
20131115,2013-11-15,2013,4,11,15,2013-11-01,2013-11-30,"NOVEMBER ","FRI"
20131116,2013-11-16,2013,4,11,16,2013-11-01,2013-11-30,"NOVEMBER ","SAT"
20131117,2013-11-17,2013,4,11,17,2013-11-01,2013-11-30,"NOVEMBER ","SUN"
20131118,2013-11-18,2013,4,11,18,2013-11-01,2013-11-30,"NOVEMBER ","MON"
20131119,2013-11-19,2013,4,11,19,2013-11-01,2013-11-30,"NOVEMBER ","TUE"
20131120,2013-11-20,2013,4,11,20,2013-11-01,2013-11-30,"NOVEMBER ","WED"
20131121,2013-11-21,2013,4,11,21,2013-11-01,2013-11-30,"NOVEMBER ","THU"
20131122,2013-11-22,2013,4,11,22,2013-11-01,2013-11-30,"NOVEMBER ","FRI"
20131123,2013-11-23,2013,4,11,23,2013-11-01,2013-11-30,"NOVEMBER ","SAT"
20131124,2013-11-24,2013,4,11,24,2013-11-01,2013-11-30,"NOVEMBER ","SUN"
20131125,2013-11-25,2013,4,11,25,2013-11-01,2013-11-30,"NOVEMBER ","MON"
20131126,2013-11-26,2013,4,11,26,2013-11-01,2013-11-30,"NOVEMBER ","TUE"
20131127,2013-11-27,2013,4,11,27,2013-11-01,2013-11-30,"NOVEMBER ","WED"
20131128,2013-11-28,2013,4,11,28,2013-11-01,2013-11-30,"NOVEMBER ","THU"
20131129,2013-11-29,2013,4,11,29,2013-11-01,2013-11-30,"NOVEMBER ","FRI"
20131130,2013-11-30,2013,4,11,30,2013-11-01,2013-11-30,"NOVEMBER ","SAT"
20131201,2013-12-01,2013,4,12,1,2013-12-01,2013-12-31,"DECEMBER ","SUN"
20131202,2013-12-02,2013,4,12,2,2013-12-01,2013-12-31,"DECEMBER ","MON"
20131203,2013-12-03,2013,4,12,3,2013-12-01,2013-12-31,"DECEMBER ","TUE"
20131204,2013-12-04,2013,4,12,4,2013-12-01,2013-12-31,"DECEMBER ","WED"
20131205,2013-12-05,2013,4,12,5,2013-12-01,2013-12-31,"DECEMBER ","THU"
20131206,2013-12-06,2013,4,12,6,2013-12-01,2013-12-31,"DECEMBER ","FRI"
20131207,2013-12-07,2013,4,12,7,2013-12-01,2013-12-31,"DECEMBER ","SAT"
20131208,2013-12-08,2013,4,12,8,2013-12-01,2013-12-31,"DECEMBER ","SUN"
20131209,2013-12-09,2013,4,12,9,2013-12-01,2013-12-31,"DECEMBER ","MON"
20131210,2013-12-10,2013,4,12,10,2013-12-01,2013-12-31,"DECEMBER ","TUE"
20131211,2013-12-11,2013,4,12,11,2013-12-01,2013-12-31,"DECEMBER ","WED"
20131212,2013-12-12,2013,4,12,12,2013-12-01,2013-12-31,"DECEMBER ","THU"
20131213,2013-12-13,2013,4,12,13,2013-12-01,2013-12-31,"DECEMBER ","FRI"
20131214,2013-12-14,2013,4,12,14,2013-12-01,2013-12-31,"DECEMBER ","SAT"
20131215,2013-12-15,2013,4,12,15,2013-12-01,2013-12-31,"DECEMBER ","SUN"
20131216,2013-12-16,2013,4,12,16,2013-12-01,2013-12-31,"DECEMBER ","MON"
20131217,2013-12-17,2013,4,12,17,2013-12-01,2013-12-31,"DECEMBER ","TUE"
20131218,2013-12-18,2013,4,12,18,2013-12-01,2013-12-31,"DECEMBER ","WED"
20131219,2013-12-19,2013,4,12,19,2013-12-01,2013-12-31,"DECEMBER ","THU"
20131220,2013-12-20,2013,4,12,20,2013-12-01,2013-12-31,"DECEMBER ","FRI"
20131221,2013-12-21,2013,4,12,21,2013-12-01,2013-12-31,"DECEMBER ","SAT"
20131222,2013-12-22,2013,4,12,22,2013-12-01,2013-12-31,"DECEMBER ","SUN"
20131223,2013-12-23,2013,4,12,23,2013-12-01,2013-12-31,"DECEMBER ","MON"
20131224,2013-12-24,2013,4,12,24,2013-12-01,2013-12-31,"DECEMBER ","TUE"
20131225,2013-12-25,2013,4,12,25,2013-12-01,2013-12-31,"DECEMBER ","WED"
20131226,2013-12-26,2013,4,12,26,2013-12-01,2013-12-31,"DECEMBER ","THU"
20131227,2013-12-27,2013,4,12,27,2013-12-01,2013-12-31,"DECEMBER ","FRI"
20131228,2013-12-28,2013,4,12,28,2013-12-01,2013-12-31,"DECEMBER ","SAT"
20131229,2013-12-29,2013,4,12,29,2013-12-01,2013-12-31,"DECEMBER ","SUN"
20131230,2013-12-30,2013,4,12,30,2013-12-01,2013-12-31,"DECEMBER ","MON"
20131231,2013-12-31,2013,4,12,31,2013-12-01,2013-12-31,"DECEMBER ","TUE"
20140101,2014-01-01,2014,1,1,1,2014-01-01,2014-01-31,"JANUARY  ","WED"
20140102,2014-01-02,2014,1,1,2,2014-01-01,2014-01-31,"JANUARY  ","THU"
20140103,2014-01-03,2014,1,1,3,2014-01-01,2014-01-31,"JANUARY  ","FRI"
20140104,2014-01-04,2014,1,1,4,2014-01-01,2014-01-31,"JANUARY  ","SAT"
20140105,2014-01-05,2014,1,1,5,2014-01-01,2014-01-31,"JANUARY  ","SUN"
20140106,2014-01-06,2014,1,1,6,2014-01-01,2014-01-31,"JANUARY  ","MON"
20140107,2014-01-07,2014,1,1,7,2014-01-01,2014-01-31,"JANUARY  ","TUE"
20140108,2014-01-08,2014,1,1,8,2014-01-01,2014-01-31,"JANUARY  ","WED"
20140109,2014-01-09,2014,1,1,9,2014-01-01,2014-01-31,"JANUARY  ","THU"
20140110,2014-01-10,2014,1,1,10,2014-01-01,2014-01-31,"JANUARY  ","FRI"
20140111,2014-01-11,2014,1,1,11,2014-01-01,2014-01-31,"JANUARY  ","SAT"
20140112,2014-01-12,2014,1,1,12,2014-01-01,2014-01-31,"JANUARY  ","SUN"
20140113,2014-01-13,2014,1,1,13,2014-01-01,2014-01-31,"JANUARY  ","MON"
20140114,2014-01-14,2014,1,1,14,2014-01-01,2014-01-31,"JANUARY  ","TUE"
20140115,2014-01-15,2014,1,1,15,2014-01-01,2014-01-31,"JANUARY  ","WED"
20140116,2014-01-16,2014,1,1,16,2014-01-01,2014-01-31,"JANUARY  ","THU"
20140117,2014-01-17,2014,1,1,17,2014-01-01,2014-01-31,"JANUARY  ","FRI"
20140118,2014-01-18,2014,1,1,18,2014-01-01,2014-01-31,"JANUARY  ","SAT"
20140119,2014-01-19,2014,1,1,19,2014-01-01,2014-01-31,"JANUARY  ","SUN"
20140120,2014-01-20,2014,1,1,20,2014-01-01,2014-01-31,"JANUARY  ","MON"
20140121,2014-01-21,2014,1,1,21,2014-01-01,2014-01-31,"JANUARY  ","TUE"
20140122,2014-01-22,2014,1,1,22,2014-01-01,2014-01-31,"JANUARY  ","WED"
20140123,2014-01-23,2014,1,1,23,2014-01-01,2014-01-31,"JANUARY  ","THU"
20140124,2014-01-24,2014,1,1,24,2014-01-01,2014-01-31,"JANUARY  ","FRI"
20140125,2014-01-25,2014,1,1,25,2014-01-01,2014-01-31,"JANUARY  ","SAT"
20140126,2014-01-26,2014,1,1,26,2014-01-01,2014-01-31,"JANUARY  ","SUN"
20140127,2014-01-27,2014,1,1,27,2014-01-01,2014-01-31,"JANUARY  ","MON"
20140128,2014-01-28,2014,1,1,28,2014-01-01,2014-01-31,"JANUARY  ","TUE"
20140129,2014-01-29,2014,1,1,29,2014-01-01,2014-01-31,"JANUARY  ","WED"
20140130,2014-01-30,2014,1,1,30,2014-01-01,2014-01-31,"JANUARY  ","THU"
20140131,2014-01-31,2014,1,1,31,2014-01-01,2014-01-31,"JANUARY  ","FRI"
20140201,2014-02-01,2014,1,2,1,2014-02-01,2014-02-28,"FEBRUARY ","SAT"
20140202,2014-02-02,2014,1,2,2,2014-02-01,2014-02-28,"FEBRUARY ","SUN"
20140203,2014-02-03,2014,1,2,3,2014-02-01,2014-02-28,"FEBRUARY ","MON"
20140204,2014-02-04,2014,1,2,4,2014-02-01,2014-02-28,"FEBRUARY ","TUE"
20140205,2014-02-05,2014,1,2,5,2014-02-01,2014-02-28,"FEBRUARY ","WED"
20140206,2014-02-06,2014,1,2,6,2014-02-01,2014-02-28,"FEBRUARY ","THU"
20140207,2014-02-07,2014,1,2,7,2014-02-01,2014-02-28,"FEBRUARY ","FRI"
20140208,2014-02-08,2014,1,2,8,2014-02-01,2014-02-28,"FEBRUARY ","SAT"
20140209,2014-02-09,2014,1,2,9,2014-02-01,2014-02-28,"FEBRUARY ","SUN"
20140210,2014-02-10,2014,1,2,10,2014-02-01,2014-02-28,"FEBRUARY ","MON"
20140211,2014-02-11,2014,1,2,11,2014-02-01,2014-02-28,"FEBRUARY ","TUE"
20140212,2014-02-12,2014,1,2,12,2014-02-01,2014-02-28,"FEBRUARY ","WED"
20140213,2014-02-13,2014,1,2,13,2014-02-01,2014-02-28,"FEBRUARY ","THU"
20140214,2014-02-14,2014,1,2,14,2014-02-01,2014-02-28,"FEBRUARY ","FRI"
20140215,2014-02-15,2014,1,2,15,2014-02-01,2014-02-28,"FEBRUARY ","SAT"
20140216,2014-02-16,2014,1,2,16,2014-02-01,2014-02-28,"FEBRUARY ","SUN"
20140217,2014-02-17,2014,1,2,17,2014-02-01,2014-02-28,"FEBRUARY ","MON"
20140218,2014-02-18,2014,1,2,18,2014-02-01,2014-02-28,"FEBRUARY ","TUE"
20140219,2014-02-19,2014,1,2,19,2014-02-01,2014-02-28,"FEBRUARY ","WED"
20140220,2014-02-20,2014,1,2,20,2014-02-01,2014-02-28,"FEBRUARY ","THU"
20140221,2014-02-21,2014,1,2,21,2014-02-01,2014-02-28,"FEBRUARY ","FRI"
20140222,2014-02-22,2014,1,2,22,2014-02-01,2014-02-28,"FEBRUARY ","SAT"
20140223,2014-02-23,2014,1,2,23,2014-02-01,2014-02-28,"FEBRUARY ","SUN"
20140224,2014-02-24,2014,1,2,24,2014-02-01,2014-02-28,"FEBRUARY ","MON"
20140225,2014-02-25,2014,1,2,25,2014-02-01,2014-02-28,"FEBRUARY ","TUE"
20140226,2014-02-26,2014,1,2,26,2014-02-01,2014-02-28,"FEBRUARY ","WED"
20140227,2014-02-27,2014,1,2,27,2014-02-01,2014-02-28,"FEBRUARY ","THU"
20140228,2014-02-28,2014,1,2,28,2014-02-01,2014-02-28,"FEBRUARY ","FRI"
20140301,2014-03-01,2014,1,3,1,2014-03-01,2014-03-31,"MARCH    ","SAT"
20140302,2014-03-02,2014,1,3,2,2014-03-01,2014-03-31,"MARCH    ","SUN"
20140303,2014-03-03,2014,1,3,3,2014-03-01,2014-03-31,"MARCH    ","MON"
20140304,2014-03-04,2014,1,3,4,2014-03-01,2014-03-31,"MARCH    ","TUE"
20140305,2014-03-05,2014,1,3,5,2014-03-01,2014-03-31,"MARCH    ","WED"
20140306,2014-03-06,2014,1,3,6,2014-03-01,2014-03-31,"MARCH    ","THU"
20140307,2014-03-07,2014,1,3,7,2014-03-01,2014-03-31,"MARCH    ","FRI"
20140308,2014-03-08,2014,1,3,8,2014-03-01,2014-03-31,"MARCH    ","SAT"
20140309,2014-03-09,2014,1,3,9,2014-03-01,2014-03-31,"MARCH    ","SUN"
20140310,2014-03-10,2014,1,3,10,2014-03-01,2014-03-31,"MARCH    ","MON"
20140311,2014-03-11,2014,1,3,11,2014-03-01,2014-03-31,"MARCH    ","TUE"
20140312,2014-03-12,2014,1,3,12,2014-03-01,2014-03-31,"MARCH    ","WED"
20140313,2014-03-13,2014,1,3,13,2014-03-01,2014-03-31,"MARCH    ","THU"
20140314,2014-03-14,2014,1,3,14,2014-03-01,2014-03-31,"MARCH    ","FRI"
20140315,2014-03-15,2014,1,3,15,2014-03-01,2014-03-31,"MARCH    ","SAT"
20140316,2014-03-16,2014,1,3,16,2014-03-01,2014-03-31,"MARCH    ","SUN"
20140317,2014-03-17,2014,1,3,17,2014-03-01,2014-03-31,"MARCH    ","MON"
20140318,2014-03-18,2014,1,3,18,2014-03-01,2014-03-31,"MARCH    ","TUE"
20140319,2014-03-19,2014,1,3,19,2014-03-01,2014-03-31,"MARCH    ","WED"
20140320,2014-03-20,2014,1,3,20,2014-03-01,2014-03-31,"MARCH    ","THU"
20140321,2014-03-21,2014,1,3,21,2014-03-01,2014-03-31,"MARCH    ","FRI"
20140322,2014-03-22,2014,1,3,22,2014-03-01,2014-03-31,"MARCH    ","SAT"
20140323,2014-03-23,2014,1,3,23,2014-03-01,2014-03-31,"MARCH    ","SUN"
20140324,2014-03-24,2014,1,3,24,2014-03-01,2014-03-31,"MARCH    ","MON"
20140325,2014-03-25,2014,1,3,25,2014-03-01,2014-03-31,"MARCH    ","TUE"
20140326,2014-03-26,2014,1,3,26,2014-03-01,2014-03-31,"MARCH    ","WED"
20140327,2014-03-27,2014,1,3,27,2014-03-01,2014-03-31,"MARCH    ","THU"
20140328,2014-03-28,2014,1,3,28,2014-03-01,2014-03-31,"MARCH    ","FRI"
20140329,2014-03-29,2014,1,3,29,2014-03-01,2014-03-31,"MARCH    ","SAT"
20140330,2014-03-30,2014,1,3,30,2014-03-01,2014-03-31,"MARCH    ","SUN"
20140331,2014-03-31,2014,1,3,31,2014-03-01,2014-03-31,"MARCH    ","MON"
20140401,2014-04-01,2014,2,4,1,2014-04-01,2014-04-30,"APRIL    ","TUE"
20140402,2014-04-02,2014,2,4,2,2014-04-01,2014-04-30,"APRIL    ","WED"
20140403,2014-04-03,2014,2,4,3,2014-04-01,2014-04-30,"APRIL    ","THU"
20140404,2014-04-04,2014,2,4,4,2014-04-01,2014-04-30,"APRIL    ","FRI"
20140405,2014-04-05,2014,2,4,5,2014-04-01,2014-04-30,"APRIL    ","SAT"
20140406,2014-04-06,2014,2,4,6,2014-04-01,2014-04-30,"APRIL    ","SUN"
20140407,2014-04-07,2014,2,4,7,2014-04-01,2014-04-30,"APRIL    ","MON"
20140408,2014-04-08,2014,2,4,8,2014-04-01,2014-04-30,"APRIL    ","TUE"
20140409,2014-04-09,2014,2,4,9,2014-04-01,2014-04-30,"APRIL    ","WED"
20140410,2014-04-10,2014,2,4,10,2014-04-01,2014-04-30,"APRIL    ","THU"
20140411,2014-04-11,2014,2,4,11,2014-04-01,2014-04-30,"APRIL    ","FRI"
20140412,2014-04-12,2014,2,4,12,2014-04-01,2014-04-30,"APRIL    ","SAT"
20140413,2014-04-13,2014,2,4,13,2014-04-01,2014-04-30,"APRIL    ","SUN"
20140414,2014-04-14,2014,2,4,14,2014-04-01,2014-04-30,"APRIL    ","MON"
20140415,2014-04-15,2014,2,4,15,2014-04-01,2014-04-30,"APRIL    ","TUE"
20140416,2014-04-16,2014,2,4,16,2014-04-01,2014-04-30,"APRIL    ","WED"
20140417,2014-04-17,2014,2,4,17,2014-04-01,2014-04-30,"APRIL    ","THU"
20140418,2014-04-18,2014,2,4,18,2014-04-01,2014-04-30,"APRIL    ","FRI"
20140419,2014-04-19,2014,2,4,19,2014-04-01,2014-04-30,"APRIL    ","SAT"
20140420,2014-04-20,2014,2,4,20,2014-04-01,2014-04-30,"APRIL    ","SUN"
20140421,2014-04-21,2014,2,4,21,2014-04-01,2014-04-30,"APRIL    ","MON"
20140422,2014-04-22,2014,2,4,22,2014-04-01,2014-04-30,"APRIL    ","TUE"
20140423,2014-04-23,2014,2,4,23,2014-04-01,2014-04-30,"APRIL    ","WED"
20140424,2014-04-24,2014,2,4,24,2014-04-01,2014-04-30,"APRIL    ","THU"
20140425,2014-04-25,2014,2,4,25,2014-04-01,2014-04-30,"APRIL    ","FRI"
20140426,2014-04-26,2014,2,4,26,2014-04-01,2014-04-30,"APRIL    ","SAT"
20140427,2014-04-27,2014,2,4,27,2014-04-01,2014-04-30,"APRIL    ","SUN"
20140428,2014-04-28,2014,2,4,28,2014-04-01,2014-04-30,"APRIL    ","MON"
20140429,2014-04-29,2014,2,4,29,2014-04-01,2014-04-30,"APRIL    ","TUE"
20140430,2014-04-30,2014,2,4,30,2014-04-01,2014-04-30,"APRIL    ","WED"
20140501,2014-05-01,2014,2,5,1,2014-05-01,2014-05-31,"MAY      ","THU"
20140502,2014-05-02,2014,2,5,2,2014-05-01,2014-05-31,"MAY      ","FRI"
20140503,2014-05-03,2014,2,5,3,2014-05-01,2014-05-31,"MAY      ","SAT"
20140504,2014-05-04,2014,2,5,4,2014-05-01,2014-05-31,"MAY      ","SUN"
20140505,2014-05-05,2014,2,5,5,2014-05-01,2014-05-31,"MAY      ","MON"
20140506,2014-05-06,2014,2,5,6,2014-05-01,2014-05-31,"MAY      ","TUE"
20140507,2014-05-07,2014,2,5,7,2014-05-01,2014-05-31,"MAY      ","WED"
20140508,2014-05-08,2014,2,5,8,2014-05-01,2014-05-31,"MAY      ","THU"
20140509,2014-05-09,2014,2,5,9,2014-05-01,2014-05-31,"MAY      ","FRI"
20140510,2014-05-10,2014,2,5,10,2014-05-01,2014-05-31,"MAY      ","SAT"
20140511,2014-05-11,2014,2,5,11,2014-05-01,2014-05-31,"MAY      ","SUN"
20140512,2014-05-12,2014,2,5,12,2014-05-01,2014-05-31,"MAY      ","MON"
20140513,2014-05-13,2014,2,5,13,2014-05-01,2014-05-31,"MAY      ","TUE"
20140514,2014-05-14,2014,2,5,14,2014-05-01,2014-05-31,"MAY      ","WED"
20140515,2014-05-15,2014,2,5,15,2014-05-01,2014-05-31,"MAY      ","THU"
20140516,2014-05-16,2014,2,5,16,2014-05-01,2014-05-31,"MAY      ","FRI"
20140517,2014-05-17,2014,2,5,17,2014-05-01,2014-05-31,"MAY      ","SAT"
20140518,2014-05-18,2014,2,5,18,2014-05-01,2014-05-31,"MAY      ","SUN"
20140519,2014-05-19,2014,2,5,19,2014-05-01,2014-05-31,"MAY      ","MON"
20140520,2014-05-20,2014,2,5,20,2014-05-01,2014-05-31,"MAY      ","TUE"
20140521,2014-05-21,2014,2,5,21,2014-05-01,2014-05-31,"MAY      ","WED"
20140522,2014-05-22,2014,2,5,22,2014-05-01,2014-05-31,"MAY      ","THU"
20140523,2014-05-23,2014,2,5,23,2014-05-01,2014-05-31,"MAY      ","FRI"
20140524,2014-05-24,2014,2,5,24,2014-05-01,2014-05-31,"MAY      ","SAT"
20140525,2014-05-25,2014,2,5,25,2014-05-01,2014-05-31,"MAY      ","SUN"
20140526,2014-05-26,2014,2,5,26,2014-05-01,2014-05-31,"MAY      ","MON"
20140527,2014-05-27,2014,2,5,27,2014-05-01,2014-05-31,"MAY      ","TUE"
20140528,2014-05-28,2014,2,5,28,2014-05-01,2014-05-31,"MAY      ","WED"
20140529,2014-05-29,2014,2,5,29,2014-05-01,2014-05-31,"MAY      ","THU"
20140530,2014-05-30,2014,2,5,30,2014-05-01,2014-05-31,"MAY      ","FRI"
20140531,2014-05-31,2014,2,5,31,2014-05-01,2014-05-31,"MAY      ","SAT"
20140601,2014-06-01,2014,2,6,1,2014-06-01,2014-06-30,"JUNE     ","SUN"
20140602,2014-06-02,2014,2,6,2,2014-06-01,2014-06-30,"JUNE     ","MON"
20140603,2014-06-03,2014,2,6,3,2014-06-01,2014-06-30,"JUNE     ","TUE"
20140604,2014-06-04,2014,2,6,4,2014-06-01,2014-06-30,"JUNE     ","WED"
20140605,2014-06-05,2014,2,6,5,2014-06-01,2014-06-30,"JUNE     ","THU"
20140606,2014-06-06,2014,2,6,6,2014-06-01,2014-06-30,"JUNE     ","FRI"
20140607,2014-06-07,2014,2,6,7,2014-06-01,2014-06-30,"JUNE     ","SAT"
20140608,2014-06-08,2014,2,6,8,2014-06-01,2014-06-30,"JUNE     ","SUN"
20140609,2014-06-09,2014,2,6,9,2014-06-01,2014-06-30,"JUNE     ","MON"
20140610,2014-06-10,2014,2,6,10,2014-06-01,2014-06-30,"JUNE     ","TUE"
20140611,2014-06-11,2014,2,6,11,2014-06-01,2014-06-30,"JUNE     ","WED"
20140612,2014-06-12,2014,2,6,12,2014-06-01,2014-06-30,"JUNE     ","THU"
20140613,2014-06-13,2014,2,6,13,2014-06-01,2014-06-30,"JUNE     ","FRI"
20140614,2014-06-14,2014,2,6,14,2014-06-01,2014-06-30,"JUNE     ","SAT"
20140615,2014-06-15,2014,2,6,15,2014-06-01,2014-06-30,"JUNE     ","SUN"
20140616,2014-06-16,2014,2,6,16,2014-06-01,2014-06-30,"JUNE     ","MON"
20140617,2014-06-17,2014,2,6,17,2014-06-01,2014-06-30,"JUNE     ","TUE"
20140618,2014-06-18,2014,2,6,18,2014-06-01,2014-06-30,"JUNE     ","WED"
20140619,2014-06-19,2014,2,6,19,2014-06-01,2014-06-30,"JUNE     ","THU"
20140620,2014-06-20,2014,2,6,20,2014-06-01,2014-06-30,"JUNE     ","FRI"
20140621,2014-06-21,2014,2,6,21,2014-06-01,2014-06-30,"JUNE     ","SAT"
20140622,2014-06-22,2014,2,6,22,2014-06-01,2014-06-30,"JUNE     ","SUN"
20140623,2014-06-23,2014,2,6,23,2014-06-01,2014-06-30,"JUNE     ","MON"
20140624,2014-06-24,2014,2,6,24,2014-06-01,2014-06-30,"JUNE     ","TUE"
20140625,2014-06-25,2014,2,6,25,2014-06-01,2014-06-30,"JUNE     ","WED"
20140626,2014-06-26,2014,2,6,26,2014-06-01,2014-06-30,"JUNE     ","THU"
20140627,2014-06-27,2014,2,6,27,2014-06-01,2014-06-30,"JUNE     ","FRI"
20140628,2014-06-28,2014,2,6,28,2014-06-01,2014-06-30,"JUNE     ","SAT"
20140629,2014-06-29,2014,2,6,29,2014-06-01,2014-06-30,"JUNE     ","SUN"
20140630,2014-06-30,2014,2,6,30,2014-06-01,2014-06-30,"JUNE     ","MON"
20140701,2014-07-01,2014,3,7,1,2014-07-01,2014-07-31,"JULY     ","TUE"
20140702,2014-07-02,2014,3,7,2,2014-07-01,2014-07-31,"JULY     ","WED"
20140703,2014-07-03,2014,3,7,3,2014-07-01,2014-07-31,"JULY     ","THU"
20140704,2014-07-04,2014,3,7,4,2014-07-01,2014-07-31,"JULY     ","FRI"
20140705,2014-07-05,2014,3,7,5,2014-07-01,2014-07-31,"JULY     ","SAT"
20140706,2014-07-06,2014,3,7,6,2014-07-01,2014-07-31,"JULY     ","SUN"
20140707,2014-07-07,2014,3,7,7,2014-07-01,2014-07-31,"JULY     ","MON"
20140708,2014-07-08,2014,3,7,8,2014-07-01,2014-07-31,"JULY     ","TUE"
20140709,2014-07-09,2014,3,7,9,2014-07-01,2014-07-31,"JULY     ","WED"
20140710,2014-07-10,2014,3,7,10,2014-07-01,2014-07-31,"JULY     ","THU"
20140711,2014-07-11,2014,3,7,11,2014-07-01,2014-07-31,"JULY     ","FRI"
20140712,2014-07-12,2014,3,7,12,2014-07-01,2014-07-31,"JULY     ","SAT"
20140713,2014-07-13,2014,3,7,13,2014-07-01,2014-07-31,"JULY     ","SUN"
20140714,2014-07-14,2014,3,7,14,2014-07-01,2014-07-31,"JULY     ","MON"
20140715,2014-07-15,2014,3,7,15,2014-07-01,2014-07-31,"JULY     ","TUE"
20140716,2014-07-16,2014,3,7,16,2014-07-01,2014-07-31,"JULY     ","WED"
20140717,2014-07-17,2014,3,7,17,2014-07-01,2014-07-31,"JULY     ","THU"
20140718,2014-07-18,2014,3,7,18,2014-07-01,2014-07-31,"JULY     ","FRI"
20140719,2014-07-19,2014,3,7,19,2014-07-01,2014-07-31,"JULY     ","SAT"
20140720,2014-07-20,2014,3,7,20,2014-07-01,2014-07-31,"JULY     ","SUN"
20140721,2014-07-21,2014,3,7,21,2014-07-01,2014-07-31,"JULY     ","MON"
20140722,2014-07-22,2014,3,7,22,2014-07-01,2014-07-31,"JULY     ","TUE"
20140723,2014-07-23,2014,3,7,23,2014-07-01,2014-07-31,"JULY     ","WED"
20140724,2014-07-24,2014,3,7,24,2014-07-01,2014-07-31,"JULY     ","THU"
20140725,2014-07-25,2014,3,7,25,2014-07-01,2014-07-31,"JULY     ","FRI"
20140726,2014-07-26,2014,3,7,26,2014-07-01,2014-07-31,"JULY     ","SAT"
20140727,2014-07-27,2014,3,7,27,2014-07-01,2014-07-31,"JULY     ","SUN"
20140728,2014-07-28,2014,3,7,28,2014-07-01,2014-07-31,"JULY     ","MON"
20140729,2014-07-29,2014,3,7,29,2014-07-01,2014-07-31,"JULY     ","TUE"
20140730,2014-07-30,2014,3,7,30,2014-07-01,2014-07-31,"JULY     ","WED"
20140731,2014-07-31,2014,3,7,31,2014-07-01,2014-07-31,"JULY     ","THU"
20140801,2014-08-01,2014,3,8,1,2014-08-01,2014-08-31,"AUGUST   ","FRI"
20140802,2014-08-02,2014,3,8,2,2014-08-01,2014-08-31,"AUGUST   ","SAT"
20140803,2014-08-03,2014,3,8,3,2014-08-01,2014-08-31,"AUGUST   ","SUN"
20140804,2014-08-04,2014,3,8,4,2014-08-01,2014-08-31,"AUGUST   ","MON"
20140805,2014-08-05,2014,3,8,5,2014-08-01,2014-08-31,"AUGUST   ","TUE"
20140806,2014-08-06,2014,3,8,6,2014-08-01,2014-08-31,"AUGUST   ","WED"
20140807,2014-08-07,2014,3,8,7,2014-08-01,2014-08-31,"AUGUST   ","THU"
20140808,2014-08-08,2014,3,8,8,2014-08-01,2014-08-31,"AUGUST   ","FRI"
20130101,2013-01-01,2013,1,1,1,2013-01-01,2013-01-31,"JANUARY  ","TUE"
20130102,2013-01-02,2013,1,1,2,2013-01-01,2013-01-31,"JANUARY  ","WED"
20130103,2013-01-03,2013,1,1,3,2013-01-01,2013-01-31,"JANUARY  ","THU"
20130104,2013-01-04,2013,1,1,4,2013-01-01,2013-01-31,"JANUARY  ","FRI"
20130105,2013-01-05,2013,1,1,5,2013-01-01,2013-01-31,"JANUARY  ","SAT"
20130106,2013-01-06,2013,1,1,6,2013-01-01,2013-01-31,"JANUARY  ","SUN"
20130107,2013-01-07,2013,1,1,7,2013-01-01,2013-01-31,"JANUARY  ","MON"
20130108,2013-01-08,2013,1,1,8,2013-01-01,2013-01-31,"JANUARY  ","TUE"
20130109,2013-01-09,2013,1,1,9,2013-01-01,2013-01-31,"JANUARY  ","WED"
20130110,2013-01-10,2013,1,1,10,2013-01-01,2013-01-31,"JANUARY  ","THU"
20130111,2013-01-11,2013,1,1,11,2013-01-01,2013-01-31,"JANUARY  ","FRI"
20130112,2013-01-12,2013,1,1,12,2013-01-01,2013-01-31,"JANUARY  ","SAT"
20130113,2013-01-13,2013,1,1,13,2013-01-01,2013-01-31,"JANUARY  ","SUN"
20130114,2013-01-14,2013,1,1,14,2013-01-01,2013-01-31,"JANUARY  ","MON"
20130115,2013-01-15,2013,1,1,15,2013-01-01,2013-01-31,"JANUARY  ","TUE"
20130116,2013-01-16,2013,1,1,16,2013-01-01,2013-01-31,"JANUARY  ","WED"
20130117,2013-01-17,2013,1,1,17,2013-01-01,2013-01-31,"JANUARY  ","THU"
20130118,2013-01-18,2013,1,1,18,2013-01-01,2013-01-31,"JANUARY  ","FRI"
20130119,2013-01-19,2013,1,1,19,2013-01-01,2013-01-31,"JANUARY  ","SAT"
20130120,2013-01-20,2013,1,1,20,2013-01-01,2013-01-31,"JANUARY  ","SUN"
20130121,2013-01-21,2013,1,1,21,2013-01-01,2013-01-31,"JANUARY  ","MON"
20130122,2013-01-22,2013,1,1,22,2013-01-01,2013-01-31,"JANUARY  ","TUE"
20130123,2013-01-23,2013,1,1,23,2013-01-01,2013-01-31,"JANUARY  ","WED"
20130124,2013-01-24,2013,1,1,24,2013-01-01,2013-01-31,"JANUARY  ","THU"
20130125,2013-01-25,2013,1,1,25,2013-01-01,2013-01-31,"JANUARY  ","FRI"
20130126,2013-01-26,2013,1,1,26,2013-01-01,2013-01-31,"JANUARY  ","SAT"
20130127,2013-01-27,2013,1,1,27,2013-01-01,2013-01-31,"JANUARY  ","SUN"
20130128,2013-01-28,2013,1,1,28,2013-01-01,2013-01-31,"JANUARY  ","MON"
20130129,2013-01-29,2013,1,1,29,2013-01-01,2013-01-31,"JANUARY  ","TUE"
20130130,2013-01-30,2013,1,1,30,2013-01-01,2013-01-31,"JANUARY  ","WED"
20130131,2013-01-31,2013,1,1,31,2013-01-01,2013-01-31,"JANUARY  ","THU"
20130201,2013-02-01,2013,1,2,1,2013-02-01,2013-02-28,"FEBRUARY ","FRI"
20130202,2013-02-02,2013,1,2,2,2013-02-01,2013-02-28,"FEBRUARY ","SAT"
20130203,2013-02-03,2013,1,2,3,2013-02-01,2013-02-28,"FEBRUARY ","SUN"
20130204,2013-02-04,2013,1,2,4,2013-02-01,2013-02-28,"FEBRUARY ","MON"
20130205,2013-02-05,2013,1,2,5,2013-02-01,2013-02-28,"FEBRUARY ","TUE"
20130206,2013-02-06,2013,1,2,6,2013-02-01,2013-02-28,"FEBRUARY ","WED"
20130207,2013-02-07,2013,1,2,7,2013-02-01,2013-02-28,"FEBRUARY ","THU"
20130208,2013-02-08,2013,1,2,8,2013-02-01,2013-02-28,"FEBRUARY ","FRI"
20130209,2013-02-09,2013,1,2,9,2013-02-01,2013-02-28,"FEBRUARY ","SAT"
20130210,2013-02-10,2013,1,2,10,2013-02-01,2013-02-28,"FEBRUARY ","SUN"
20130211,2013-02-11,2013,1,2,11,2013-02-01,2013-02-28,"FEBRUARY ","MON"
20130212,2013-02-12,2013,1,2,12,2013-02-01,2013-02-28,"FEBRUARY ","TUE"
20130213,2013-02-13,2013,1,2,13,2013-02-01,2013-02-28,"FEBRUARY ","WED"
20130214,2013-02-14,2013,1,2,14,2013-02-01,2013-02-28,"FEBRUARY ","THU"
20130215,2013-02-15,2013,1,2,15,2013-02-01,2013-02-28,"FEBRUARY ","FRI"
20130216,2013-02-16,2013,1,2,16,2013-02-01,2013-02-28,"FEBRUARY ","SAT"
20130217,2013-02-17,2013,1,2,17,2013-02-01,2013-02-28,"FEBRUARY ","SUN"
20130218,2013-02-18,2013,1,2,18,2013-02-01,2013-02-28,"FEBRUARY ","MON"
20130219,2013-02-19,2013,1,2,19,2013-02-01,2013-02-28,"FEBRUARY ","TUE"
20130220,2013-02-20,2013,1,2,20,2013-02-01,2013-02-28,"FEBRUARY ","WED"
20130221,2013-02-21,2013,1,2,21,2013-02-01,2013-02-28,"FEBRUARY ","THU"
20130222,2013-02-22,2013,1,2,22,2013-02-01,2013-02-28,"FEBRUARY ","FRI"
20130223,2013-02-23,2013,1,2,23,2013-02-01,2013-02-28,"FEBRUARY ","SAT"
20130224,2013-02-24,2013,1,2,24,2013-02-01,2013-02-28,"FEBRUARY ","SUN"
20130225,2013-02-25,2013,1,2,25,2013-02-01,2013-02-28,"FEBRUARY ","MON"
20130226,2013-02-26,2013,1,2,26,2013-02-01,2013-02-28,"FEBRUARY ","TUE"
20130227,2013-02-27,2013,1,2,27,2013-02-01,2013-02-28,"FEBRUARY ","WED"
20130228,2013-02-28,2013,1,2,28,2013-02-01,2013-02-28,"FEBRUARY ","THU"
20130301,2013-03-01,2013,1,3,1,2013-03-01,2013-03-31,"MARCH    ","FRI"
20130302,2013-03-02,2013,1,3,2,2013-03-01,2013-03-31,"MARCH    ","SAT"
20130303,2013-03-03,2013,1,3,3,2013-03-01,2013-03-31,"MARCH    ","SUN"
20130304,2013-03-04,2013,1,3,4,2013-03-01,2013-03-31,"MARCH    ","MON"
20130305,2013-03-05,2013,1,3,5,2013-03-01,2013-03-31,"MARCH    ","TUE"
20130306,2013-03-06,2013,1,3,6,2013-03-01,2013-03-31,"MARCH    ","WED"
20130307,2013-03-07,2013,1,3,7,2013-03-01,2013-03-31,"MARCH    ","THU"
20130308,2013-03-08,2013,1,3,8,2013-03-01,2013-03-31,"MARCH    ","FRI"
20130309,2013-03-09,2013,1,3,9,2013-03-01,2013-03-31,"MARCH    ","SAT"
20130310,2013-03-10,2013,1,3,10,2013-03-01,2013-03-31,"MARCH    ","SUN"
20130311,2013-03-11,2013,1,3,11,2013-03-01,2013-03-31,"MARCH    ","MON"
20130312,2013-03-12,2013,1,3,12,2013-03-01,2013-03-31,"MARCH    ","TUE"
20130313,2013-03-13,2013,1,3,13,2013-03-01,2013-03-31,"MARCH    ","WED"
20130314,2013-03-14,2013,1,3,14,2013-03-01,2013-03-31,"MARCH    ","THU"
20130315,2013-03-15,2013,1,3,15,2013-03-01,2013-03-31,"MARCH    ","FRI"
20130316,2013-03-16,2013,1,3,16,2013-03-01,2013-03-31,"MARCH    ","SAT"
20130317,2013-03-17,2013,1,3,17,2013-03-01,2013-03-31,"MARCH    ","SUN"
20130318,2013-03-18,2013,1,3,18,2013-03-01,2013-03-31,"MARCH    ","MON"
20130319,2013-03-19,2013,1,3,19,2013-03-01,2013-03-31,"MARCH    ","TUE"
20130320,2013-03-20,2013,1,3,20,2013-03-01,2013-03-31,"MARCH    ","WED"
20130321,2013-03-21,2013,1,3,21,2013-03-01,2013-03-31,"MARCH    ","THU"
20130322,2013-03-22,2013,1,3,22,2013-03-01,2013-03-31,"MARCH    ","FRI"
20130323,2013-03-23,2013,1,3,23,2013-03-01,2013-03-31,"MARCH    ","SAT"
20130324,2013-03-24,2013,1,3,24,2013-03-01,2013-03-31,"MARCH    ","SUN"
20130325,2013-03-25,2013,1,3,25,2013-03-01,2013-03-31,"MARCH    ","MON"
20130326,2013-03-26,2013,1,3,26,2013-03-01,2013-03-31,"MARCH    ","TUE"
20130327,2013-03-27,2013,1,3,27,2013-03-01,2013-03-31,"MARCH    ","WED"
20130328,2013-03-28,2013,1,3,28,2013-03-01,2013-03-31,"MARCH    ","THU"
20130329,2013-03-29,2013,1,3,29,2013-03-01,2013-03-31,"MARCH    ","FRI"
20130330,2013-03-30,2013,1,3,30,2013-03-01,2013-03-31,"MARCH    ","SAT"
20130331,2013-03-31,2013,1,3,31,2013-03-01,2013-03-31,"MARCH    ","SUN"
20130401,2013-04-01,2013,2,4,1,2013-04-01,2013-04-30,"APRIL    ","MON"
20130402,2013-04-02,2013,2,4,2,2013-04-01,2013-04-30,"APRIL    ","TUE"
20130403,2013-04-03,2013,2,4,3,2013-04-01,2013-04-30,"APRIL    ","WED"
20130404,2013-04-04,2013,2,4,4,2013-04-01,2013-04-30,"APRIL    ","THU"
20130405,2013-04-05,2013,2,4,5,2013-04-01,2013-04-30,"APRIL    ","FRI"
20130406,2013-04-06,2013,2,4,6,2013-04-01,2013-04-30,"APRIL    ","SAT"
20130407,2013-04-07,2013,2,4,7,2013-04-01,2013-04-30,"APRIL    ","SUN"
20130408,2013-04-08,2013,2,4,8,2013-04-01,2013-04-30,"APRIL    ","MON"
20130409,2013-04-09,2013,2,4,9,2013-04-01,2013-04-30,"APRIL    ","TUE"
20130410,2013-04-10,2013,2,4,10,2013-04-01,2013-04-30,"APRIL    ","WED"
20130411,2013-04-11,2013,2,4,11,2013-04-01,2013-04-30,"APRIL    ","THU"
20130412,2013-04-12,2013,2,4,12,2013-04-01,2013-04-30,"APRIL    ","FRI"
20130413,2013-04-13,2013,2,4,13,2013-04-01,2013-04-30,"APRIL    ","SAT"
20130414,2013-04-14,2013,2,4,14,2013-04-01,2013-04-30,"APRIL    ","SUN"
20130415,2013-04-15,2013,2,4,15,2013-04-01,2013-04-30,"APRIL    ","MON"
20130416,2013-04-16,2013,2,4,16,2013-04-01,2013-04-30,"APRIL    ","TUE"
20130417,2013-04-17,2013,2,4,17,2013-04-01,2013-04-30,"APRIL    ","WED"
20130418,2013-04-18,2013,2,4,18,2013-04-01,2013-04-30,"APRIL    ","THU"
20130419,2013-04-19,2013,2,4,19,2013-04-01,2013-04-30,"APRIL    ","FRI"
20130420,2013-04-20,2013,2,4,20,2013-04-01,2013-04-30,"APRIL    ","SAT"
20130421,2013-04-21,2013,2,4,21,2013-04-01,2013-04-30,"APRIL    ","SUN"
20130422,2013-04-22,2013,2,4,22,2013-04-01,2013-04-30,"APRIL    ","MON"
20130423,2013-04-23,2013,2,4,23,2013-04-01,2013-04-30,"APRIL    ","TUE"
20130424,2013-04-24,2013,2,4,24,2013-04-01,2013-04-30,"APRIL    ","WED"
20130425,2013-04-25,2013,2,4,25,2013-04-01,2013-04-30,"APRIL    ","THU"
20130426,2013-04-26,2013,2,4,26,2013-04-01,2013-04-30,"APRIL    ","FRI"
20130427,2013-04-27,2013,2,4,27,2013-04-01,2013-04-30,"APRIL    ","SAT"
20130428,2013-04-28,2013,2,4,28,2013-04-01,2013-04-30,"APRIL    ","SUN"
20130429,2013-04-29,2013,2,4,29,2013-04-01,2013-04-30,"APRIL    ","MON"
20130430,2013-04-30,2013,2,4,30,2013-04-01,2013-04-30,"APRIL    ","TUE"
20130501,2013-05-01,2013,2,5,1,2013-05-01,2013-05-31,"MAY      ","WED"
20130502,2013-05-02,2013,2,5,2,2013-05-01,2013-05-31,"MAY      ","THU"
20130503,2013-05-03,2013,2,5,3,2013-05-01,2013-05-31,"MAY      ","FRI"
20130504,2013-05-04,2013,2,5,4,2013-05-01,2013-05-31,"MAY      ","SAT"
20130505,2013-05-05,2013,2,5,5,2013-05-01,2013-05-31,"MAY      ","SUN"
20130506,2013-05-06,2013,2,5,6,2013-05-01,2013-05-31,"MAY      ","MON"
20130507,2013-05-07,2013,2,5,7,2013-05-01,2013-05-31,"MAY      ","TUE"
20130508,2013-05-08,2013,2,5,8,2013-05-01,2013-05-31,"MAY      ","WED"
20130509,2013-05-09,2013,2,5,9,2013-05-01,2013-05-31,"MAY      ","THU"
20130510,2013-05-10,2013,2,5,10,2013-05-01,2013-05-31,"MAY      ","FRI"
20130511,2013-05-11,2013,2,5,11,2013-05-01,2013-05-31,"MAY      ","SAT"
20130512,2013-05-12,2013,2,5,12,2013-05-01,2013-05-31,"MAY      ","SUN"
20130513,2013-05-13,2013,2,5,13,2013-05-01,2013-05-31,"MAY      ","MON"
20130514,2013-05-14,2013,2,5,14,2013-05-01,2013-05-31,"MAY      ","TUE"
20130515,2013-05-15,2013,2,5,15,2013-05-01,2013-05-31,"MAY      ","WED"
20130516,2013-05-16,2013,2,5,16,2013-05-01,2013-05-31,"MAY      ","THU"
20130517,2013-05-17,2013,2,5,17,2013-05-01,2013-05-31,"MAY      ","FRI"
20130518,2013-05-18,2013,2,5,18,2013-05-01,2013-05-31,"MAY      ","SAT"
20130519,2013-05-19,2013,2,5,19,2013-05-01,2013-05-31,"MAY      ","SUN"
20130520,2013-05-20,2013,2,5,20,2013-05-01,2013-05-31,"MAY      ","MON"
20130521,2013-05-21,2013,2,5,21,2013-05-01,2013-05-31,"MAY      ","TUE"
20130522,2013-05-22,2013,2,5,22,2013-05-01,2013-05-31,"MAY      ","WED"
20130523,2013-05-23,2013,2,5,23,2013-05-01,2013-05-31,"MAY      ","THU"
20130524,2013-05-24,2013,2,5,24,2013-05-01,2013-05-31,"MAY      ","FRI"
20130525,2013-05-25,2013,2,5,25,2013-05-01,2013-05-31,"MAY      ","SAT"
20130526,2013-05-26,2013,2,5,26,2013-05-01,2013-05-31,"MAY      ","SUN"
20130527,2013-05-27,2013,2,5,27,2013-05-01,2013-05-31,"MAY      ","MON"
20130528,2013-05-28,2013,2,5,28,2013-05-01,2013-05-31,"MAY      ","TUE"
20130529,2013-05-29,2013,2,5,29,2013-05-01,2013-05-31,"MAY      ","WED"
20130530,2013-05-30,2013,2,5,30,2013-05-01,2013-05-31,"MAY      ","THU"
20130531,2013-05-31,2013,2,5,31,2013-05-01,2013-05-31,"MAY      ","FRI"
20130601,2013-06-01,2013,2,6,1,2013-06-01,2013-06-30,"JUNE     ","SAT"
20130602,2013-06-02,2013,2,6,2,2013-06-01,2013-06-30,"JUNE     ","SUN"
20130603,2013-06-03,2013,2,6,3,2013-06-01,2013-06-30,"JUNE     ","MON"
20130604,2013-06-04,2013,2,6,4,2013-06-01,2013-06-30,"JUNE     ","TUE"
20130605,2013-06-05,2013,2,6,5,2013-06-01,2013-06-30,"JUNE     ","WED"
20130606,2013-06-06,2013,2,6,6,2013-06-01,2013-06-30,"JUNE     ","THU"
20130607,2013-06-07,2013,2,6,7,2013-06-01,2013-06-30,"JUNE     ","FRI"
20130608,2013-06-08,2013,2,6,8,2013-06-01,2013-06-30,"JUNE     ","SAT"
20130609,2013-06-09,2013,2,6,9,2013-06-01,2013-06-30,"JUNE     ","SUN"
20130610,2013-06-10,2013,2,6,10,2013-06-01,2013-06-30,"JUNE     ","MON"
20130611,2013-06-11,2013,2,6,11,2013-06-01,2013-06-30,"JUNE     ","TUE"
20130612,2013-06-12,2013,2,6,12,2013-06-01,2013-06-30,"JUNE     ","WED"
20130613,2013-06-13,2013,2,6,13,2013-06-01,2013-06-30,"JUNE     ","THU"
20130614,2013-06-14,2013,2,6,14,2013-06-01,2013-06-30,"JUNE     ","FRI"
20130615,2013-06-15,2013,2,6,15,2013-06-01,2013-06-30,"JUNE     ","SAT"
20130616,2013-06-16,2013,2,6,16,2013-06-01,2013-06-30,"JUNE     ","SUN"
20130617,2013-06-17,2013,2,6,17,2013-06-01,2013-06-30,"JUNE     ","MON"
20130618,2013-06-18,2013,2,6,18,2013-06-01,2013-06-30,"JUNE     ","TUE"
20130619,2013-06-19,2013,2,6,19,2013-06-01,2013-06-30,"JUNE     ","WED"
20130620,2013-06-20,2013,2,6,20,2013-06-01,2013-06-30,"JUNE     ","THU"
20130621,2013-06-21,2013,2,6,21,2013-06-01,2013-06-30,"JUNE     ","FRI"
20130622,2013-06-22,2013,2,6,22,2013-06-01,2013-06-30,"JUNE     ","SAT"
20130623,2013-06-23,2013,2,6,23,2013-06-01,2013-06-30,"JUNE     ","SUN"
20130624,2013-06-24,2013,2,6,24,2013-06-01,2013-06-30,"JUNE     ","MON"
20130625,2013-06-25,2013,2,6,25,2013-06-01,2013-06-30,"JUNE     ","TUE"
20130626,2013-06-26,2013,2,6,26,2013-06-01,2013-06-30,"JUNE     ","WED"
20130627,2013-06-27,2013,2,6,27,2013-06-01,2013-06-30,"JUNE     ","THU"
20130628,2013-06-28,2013,2,6,28,2013-06-01,2013-06-30,"JUNE     ","FRI"
20130629,2013-06-29,2013,2,6,29,2013-06-01,2013-06-30,"JUNE     ","SAT"
20130630,2013-06-30,2013,2,6,30,2013-06-01,2013-06-30,"JUNE     ","SUN"
20130701,2013-07-01,2013,3,7,1,2013-07-01,2013-07-31,"JULY     ","MON"
20130702,2013-07-02,2013,3,7,2,2013-07-01,2013-07-31,"JULY     ","TUE"
20130703,2013-07-03,2013,3,7,3,2013-07-01,2013-07-31,"JULY     ","WED"
20130704,2013-07-04,2013,3,7,4,2013-07-01,2013-07-31,"JULY     ","THU"
20130705,2013-07-05,2013,3,7,5,2013-07-01,2013-07-31,"JULY     ","FRI"
20130706,2013-07-06,2013,3,7,6,2013-07-01,2013-07-31,"JULY     ","SAT"
20130707,2013-07-07,2013,3,7,7,2013-07-01,2013-07-31,"JULY     ","SUN"
20130708,2013-07-08,2013,3,7,8,2013-07-01,2013-07-31,"JULY     ","MON"
20130709,2013-07-09,2013,3,7,9,2013-07-01,2013-07-31,"JULY     ","TUE"
20130710,2013-07-10,2013,3,7,10,2013-07-01,2013-07-31,"JULY     ","WED"
20130711,2013-07-11,2013,3,7,11,2013-07-01,2013-07-31,"JULY     ","THU"
20130712,2013-07-12,2013,3,7,12,2013-07-01,2013-07-31,"JULY     ","FRI"
20130713,2013-07-13,2013,3,7,13,2013-07-01,2013-07-31,"JULY     ","SAT"
20130714,2013-07-14,2013,3,7,14,2013-07-01,2013-07-31,"JULY     ","SUN"
20130715,2013-07-15,2013,3,7,15,2013-07-01,2013-07-31,"JULY     ","MON"
20130716,2013-07-16,2013,3,7,16,2013-07-01,2013-07-31,"JULY     ","TUE"
20130717,2013-07-17,2013,3,7,17,2013-07-01,2013-07-31,"JULY     ","WED"
20130718,2013-07-18,2013,3,7,18,2013-07-01,2013-07-31,"JULY     ","THU"
20130719,2013-07-19,2013,3,7,19,2013-07-01,2013-07-31,"JULY     ","FRI"
20130720,2013-07-20,2013,3,7,20,2013-07-01,2013-07-31,"JULY     ","SAT"
20130721,2013-07-21,2013,3,7,21,2013-07-01,2013-07-31,"JULY     ","SUN"
20130722,2013-07-22,2013,3,7,22,2013-07-01,2013-07-31,"JULY     ","MON"
20130723,2013-07-23,2013,3,7,23,2013-07-01,2013-07-31,"JULY     ","TUE"
20130724,2013-07-24,2013,3,7,24,2013-07-01,2013-07-31,"JULY     ","WED"
20130725,2013-07-25,2013,3,7,25,2013-07-01,2013-07-31,"JULY     ","THU"
20130726,2013-07-26,2013,3,7,26,2013-07-01,2013-07-31,"JULY     ","FRI"
20130727,2013-07-27,2013,3,7,27,2013-07-01,2013-07-31,"JULY     ","SAT"
20130728,2013-07-28,2013,3,7,28,2013-07-01,2013-07-31,"JULY     ","SUN"
20130729,2013-07-29,2013,3,7,29,2013-07-01,2013-07-31,"JULY     ","MON"
20130730,2013-07-30,2013,3,7,30,2013-07-01,2013-07-31,"JULY     ","TUE"
20130731,2013-07-31,2013,3,7,31,2013-07-01,2013-07-31,"JULY     ","WED"
20130801,2013-08-01,2013,3,8,1,2013-08-01,2013-08-31,"AUGUST   ","THU"
20130802,2013-08-02,2013,3,8,2,2013-08-01,2013-08-31,"AUGUST   ","FRI"
20130803,2013-08-03,2013,3,8,3,2013-08-01,2013-08-31,"AUGUST   ","SAT"
20130804,2013-08-04,2013,3,8,4,2013-08-01,2013-08-31,"AUGUST   ","SUN"
20130805,2013-08-05,2013,3,8,5,2013-08-01,2013-08-31,"AUGUST   ","MON"
20130806,2013-08-06,2013,3,8,6,2013-08-01,2013-08-31,"AUGUST   ","TUE"
20130807,2013-08-07,2013,3,8,7,2013-08-01,2013-08-31,"AUGUST   ","WED"
20130808,2013-08-08,2013,3,8,8,2013-08-01,2013-08-31,"AUGUST   ","THU"
20130809,2013-08-09,2013,3,8,9,2013-08-01,2013-08-31,"AUGUST   ","FRI"
20130810,2013-08-10,2013,3,8,10,2013-08-01,2013-08-31,"AUGUST   ","SAT"
20130811,2013-08-11,2013,3,8,11,2013-08-01,2013-08-31,"AUGUST   ","SUN"
20130812,2013-08-12,2013,3,8,12,2013-08-01,2013-08-31,"AUGUST   ","MON"
20130813,2013-08-13,2013,3,8,13,2013-08-01,2013-08-31,"AUGUST   ","TUE"
20130814,2013-08-14,2013,3,8,14,2013-08-01,2013-08-31,"AUGUST   ","WED"
20130815,2013-08-15,2013,3,8,15,2013-08-01,2013-08-31,"AUGUST   ","THU"
20130816,2013-08-16,2013,3,8,16,2013-08-01,2013-08-31,"AUGUST   ","FRI"
20130817,2013-08-17,2013,3,8,17,2013-08-01,2013-08-31,"AUGUST   ","SAT"
20130818,2013-08-18,2013,3,8,18,2013-08-01,2013-08-31,"AUGUST   ","SUN"
20130819,2013-08-19,2013,3,8,19,2013-08-01,2013-08-31,"AUGUST   ","MON"
20130820,2013-08-20,2013,3,8,20,2013-08-01,2013-08-31,"AUGUST   ","TUE"
20130821,2013-08-21,2013,3,8,21,2013-08-01,2013-08-31,"AUGUST   ","WED"
20130822,2013-08-22,2013,3,8,22,2013-08-01,2013-08-31,"AUGUST   ","THU"
20140809,2014-08-09,2014,3,8,9,2014-08-01,2014-08-31,"AUGUST   ","SAT"
20140810,2014-08-10,2014,3,8,10,2014-08-01,2014-08-31,"AUGUST   ","SUN"
20140811,2014-08-11,2014,3,8,11,2014-08-01,2014-08-31,"AUGUST   ","MON"
20140812,2014-08-12,2014,3,8,12,2014-08-01,2014-08-31,"AUGUST   ","TUE"
20140813,2014-08-13,2014,3,8,13,2014-08-01,2014-08-31,"AUGUST   ","WED"
20140814,2014-08-14,2014,3,8,14,2014-08-01,2014-08-31,"AUGUST   ","THU"
20140815,2014-08-15,2014,3,8,15,2014-08-01,2014-08-31,"AUGUST   ","FRI"
20140816,2014-08-16,2014,3,8,16,2014-08-01,2014-08-31,"AUGUST   ","SAT"
20140817,2014-08-17,2014,3,8,17,2014-08-01,2014-08-31,"AUGUST   ","SUN"
20140818,2014-08-18,2014,3,8,18,2014-08-01,2014-08-31,"AUGUST   ","MON"
20140819,2014-08-19,2014,3,8,19,2014-08-01,2014-08-31,"AUGUST   ","TUE"
20140820,2014-08-20,2014,3,8,20,2014-08-01,2014-08-31,"AUGUST   ","WED"
20140821,2014-08-21,2014,3,8,21,2014-08-01,2014-08-31,"AUGUST   ","THU"
20140822,2014-08-22,2014,3,8,22,2014-08-01,2014-08-31,"AUGUST   ","FRI"
20140823,2014-08-23,2014,3,8,23,2014-08-01,2014-08-31,"AUGUST   ","SAT"
20140824,2014-08-24,2014,3,8,24,2014-08-01,2014-08-31,"AUGUST   ","SUN"
20140825,2014-08-25,2014,3,8,25,2014-08-01,2014-08-31,"AUGUST   ","MON"
20140826,2014-08-26,2014,3,8,26,2014-08-01,2014-08-31,"AUGUST   ","TUE"
20140827,2014-08-27,2014,3,8,27,2014-08-01,2014-08-31,"AUGUST   ","WED"
20140828,2014-08-28,2014,3,8,28,2014-08-01,2014-08-31,"AUGUST   ","THU"
20140829,2014-08-29,2014,3,8,29,2014-08-01,2014-08-31,"AUGUST   ","FRI"
20140830,2014-08-30,2014,3,8,30,2014-08-01,2014-08-31,"AUGUST   ","SAT"
20140831,2014-08-31,2014,3,8,31,2014-08-01,2014-08-31,"AUGUST   ","SUN"
20140901,2014-09-01,2014,3,9,1,2014-09-01,2014-09-30,"SEPTEMBER","MON"
20140902,2014-09-02,2014,3,9,2,2014-09-01,2014-09-30,"SEPTEMBER","TUE"
20140903,2014-09-03,2014,3,9,3,2014-09-01,2014-09-30,"SEPTEMBER","WED"
20140904,2014-09-04,2014,3,9,4,2014-09-01,2014-09-30,"SEPTEMBER","THU"
20140905,2014-09-05,2014,3,9,5,2014-09-01,2014-09-30,"SEPTEMBER","FRI"
20140906,2014-09-06,2014,3,9,6,2014-09-01,2014-09-30,"SEPTEMBER","SAT"
20140907,2014-09-07,2014,3,9,7,2014-09-01,2014-09-30,"SEPTEMBER","SUN"
20140908,2014-09-08,2014,3,9,8,2014-09-01,2014-09-30,"SEPTEMBER","MON"
20140909,2014-09-09,2014,3,9,9,2014-09-01,2014-09-30,"SEPTEMBER","TUE"
20140910,2014-09-10,2014,3,9,10,2014-09-01,2014-09-30,"SEPTEMBER","WED"
20140911,2014-09-11,2014,3,9,11,2014-09-01,2014-09-30,"SEPTEMBER","THU"
20140912,2014-09-12,2014,3,9,12,2014-09-01,2014-09-30,"SEPTEMBER","FRI"
20140913,2014-09-13,2014,3,9,13,2014-09-01,2014-09-30,"SEPTEMBER","SAT"
20140914,2014-09-14,2014,3,9,14,2014-09-01,2014-09-30,"SEPTEMBER","SUN"
20140915,2014-09-15,2014,3,9,15,2014-09-01,2014-09-30,"SEPTEMBER","MON"
20140916,2014-09-16,2014,3,9,16,2014-09-01,2014-09-30,"SEPTEMBER","TUE"
20140917,2014-09-17,2014,3,9,17,2014-09-01,2014-09-30,"SEPTEMBER","WED"
20140918,2014-09-18,2014,3,9,18,2014-09-01,2014-09-30,"SEPTEMBER","THU"
20140919,2014-09-19,2014,3,9,19,2014-09-01,2014-09-30,"SEPTEMBER","FRI"
20140920,2014-09-20,2014,3,9,20,2014-09-01,2014-09-30,"SEPTEMBER","SAT"
20140921,2014-09-21,2014,3,9,21,2014-09-01,2014-09-30,"SEPTEMBER","SUN"
20140922,2014-09-22,2014,3,9,22,2014-09-01,2014-09-30,"SEPTEMBER","MON"
20140923,2014-09-23,2014,3,9,23,2014-09-01,2014-09-30,"SEPTEMBER","TUE"
20140924,2014-09-24,2014,3,9,24,2014-09-01,2014-09-30,"SEPTEMBER","WED"
20140925,2014-09-25,2014,3,9,25,2014-09-01,2014-09-30,"SEPTEMBER","THU"
20140926,2014-09-26,2014,3,9,26,2014-09-01,2014-09-30,"SEPTEMBER","FRI"
20140927,2014-09-27,2014,3,9,27,2014-09-01,2014-09-30,"SEPTEMBER","SAT"
20140928,2014-09-28,2014,3,9,28,2014-09-01,2014-09-30,"SEPTEMBER","SUN"
20140929,2014-09-29,2014,3,9,29,2014-09-01,2014-09-30,"SEPTEMBER","MON"
20140930,2014-09-30,2014,3,9,30,2014-09-01,2014-09-30,"SEPTEMBER","TUE"
20141001,2014-10-01,2014,4,10,1,2014-10-01,2014-10-31,"OCTOBER  ","WED"
20141002,2014-10-02,2014,4,10,2,2014-10-01,2014-10-31,"OCTOBER  ","THU"
20141003,2014-10-03,2014,4,10,3,2014-10-01,2014-10-31,"OCTOBER  ","FRI"
20141004,2014-10-04,2014,4,10,4,2014-10-01,2014-10-31,"OCTOBER  ","SAT"
20141005,2014-10-05,2014,4,10,5,2014-10-01,2014-10-31,"OCTOBER  ","SUN"
20141006,2014-10-06,2014,4,10,6,2014-10-01,2014-10-31,"OCTOBER  ","MON"
20141007,2014-10-07,2014,4,10,7,2014-10-01,2014-10-31,"OCTOBER  ","TUE"
20141008,2014-10-08,2014,4,10,8,2014-10-01,2014-10-31,"OCTOBER  ","WED"
20141009,2014-10-09,2014,4,10,9,2014-10-01,2014-10-31,"OCTOBER  ","THU"
20141010,2014-10-10,2014,4,10,10,2014-10-01,2014-10-31,"OCTOBER  ","FRI"
20141011,2014-10-11,2014,4,10,11,2014-10-01,2014-10-31,"OCTOBER  ","SAT"
20141012,2014-10-12,2014,4,10,12,2014-10-01,2014-10-31,"OCTOBER  ","SUN"
20141013,2014-10-13,2014,4,10,13,2014-10-01,2014-10-31,"OCTOBER  ","MON"
20141014,2014-10-14,2014,4,10,14,2014-10-01,2014-10-31,"OCTOBER  ","TUE"
20141015,2014-10-15,2014,4,10,15,2014-10-01,2014-10-31,"OCTOBER  ","WED"
20141016,2014-10-16,2014,4,10,16,2014-10-01,2014-10-31,"OCTOBER  ","THU"
20141017,2014-10-17,2014,4,10,17,2014-10-01,2014-10-31,"OCTOBER  ","FRI"
20141018,2014-10-18,2014,4,10,18,2014-10-01,2014-10-31,"OCTOBER  ","SAT"
20141019,2014-10-19,2014,4,10,19,2014-10-01,2014-10-31,"OCTOBER  ","SUN"
20141020,2014-10-20,2014,4,10,20,2014-10-01,2014-10-31,"OCTOBER  ","MON"
20141021,2014-10-21,2014,4,10,21,2014-10-01,2014-10-31,"OCTOBER  ","TUE"
20141022,2014-10-22,2014,4,10,22,2014-10-01,2014-10-31,"OCTOBER  ","WED"
20141023,2014-10-23,2014,4,10,23,2014-10-01,2014-10-31,"OCTOBER  ","THU"
20141024,2014-10-24,2014,4,10,24,2014-10-01,2014-10-31,"OCTOBER  ","FRI"
20141025,2014-10-25,2014,4,10,25,2014-10-01,2014-10-31,"OCTOBER  ","SAT"
20141026,2014-10-26,2014,4,10,26,2014-10-01,2014-10-31,"OCTOBER  ","SUN"
20141027,2014-10-27,2014,4,10,27,2014-10-01,2014-10-31,"OCTOBER  ","MON"
20141028,2014-10-28,2014,4,10,28,2014-10-01,2014-10-31,"OCTOBER  ","TUE"
20141029,2014-10-29,2014,4,10,29,2014-10-01,2014-10-31,"OCTOBER  ","WED"
20141030,2014-10-30,2014,4,10,30,2014-10-01,2014-10-31,"OCTOBER  ","THU"
20141031,2014-10-31,2014,4,10,31,2014-10-01,2014-10-31,"OCTOBER  ","FRI"
20141101,2014-11-01,2014,4,11,1,2014-11-01,2014-11-30,"NOVEMBER ","SAT"
20141102,2014-11-02,2014,4,11,2,2014-11-01,2014-11-30,"NOVEMBER ","SUN"
20141103,2014-11-03,2014,4,11,3,2014-11-01,2014-11-30,"NOVEMBER ","MON"
20141104,2014-11-04,2014,4,11,4,2014-11-01,2014-11-30,"NOVEMBER ","TUE"
20141105,2014-11-05,2014,4,11,5,2014-11-01,2014-11-30,"NOVEMBER ","WED"
20141106,2014-11-06,2014,4,11,6,2014-11-01,2014-11-30,"NOVEMBER ","THU"
20141107,2014-11-07,2014,4,11,7,2014-11-01,2014-11-30,"NOVEMBER ","FRI"
20141108,2014-11-08,2014,4,11,8,2014-11-01,2014-11-30,"NOVEMBER ","SAT"
20141109,2014-11-09,2014,4,11,9,2014-11-01,2014-11-30,"NOVEMBER ","SUN"
20141110,2014-11-10,2014,4,11,10,2014-11-01,2014-11-30,"NOVEMBER ","MON"
20141111,2014-11-11,2014,4,11,11,2014-11-01,2014-11-30,"NOVEMBER ","TUE"
20141112,2014-11-12,2014,4,11,12,2014-11-01,2014-11-30,"NOVEMBER ","WED"
20141113,2014-11-13,2014,4,11,13,2014-11-01,2014-11-30,"NOVEMBER ","THU"
20141114,2014-11-14,2014,4,11,14,2014-11-01,2014-11-30,"NOVEMBER ","FRI"
20141115,2014-11-15,2014,4,11,15,2014-11-01,2014-11-30,"NOVEMBER ","SAT"
20141116,2014-11-16,2014,4,11,16,2014-11-01,2014-11-30,"NOVEMBER ","SUN"
20141117,2014-11-17,2014,4,11,17,2014-11-01,2014-11-30,"NOVEMBER ","MON"
20141118,2014-11-18,2014,4,11,18,2014-11-01,2014-11-30,"NOVEMBER ","TUE"
20141119,2014-11-19,2014,4,11,19,2014-11-01,2014-11-30,"NOVEMBER ","WED"
20141120,2014-11-20,2014,4,11,20,2014-11-01,2014-11-30,"NOVEMBER ","THU"
20141121,2014-11-21,2014,4,11,21,2014-11-01,2014-11-30,"NOVEMBER ","FRI"
20141122,2014-11-22,2014,4,11,22,2014-11-01,2014-11-30,"NOVEMBER ","SAT"
20141123,2014-11-23,2014,4,11,23,2014-11-01,2014-11-30,"NOVEMBER ","SUN"
20141124,2014-11-24,2014,4,11,24,2014-11-01,2014-11-30,"NOVEMBER ","MON"
20141125,2014-11-25,2014,4,11,25,2014-11-01,2014-11-30,"NOVEMBER ","TUE"
20141126,2014-11-26,2014,4,11,26,2014-11-01,2014-11-30,"NOVEMBER ","WED"
20141127,2014-11-27,2014,4,11,27,2014-11-01,2014-11-30,"NOVEMBER ","THU"
20141128,2014-11-28,2014,4,11,28,2014-11-01,2014-11-30,"NOVEMBER ","FRI"
20141129,2014-11-29,2014,4,11,29,2014-11-01,2014-11-30,"NOVEMBER ","SAT"
20141130,2014-11-30,2014,4,11,30,2014-11-01,2014-11-30,"NOVEMBER ","SUN"
20141201,2014-12-01,2014,4,12,1,2014-12-01,2014-12-31,"DECEMBER ","MON"
20141202,2014-12-02,2014,4,12,2,2014-12-01,2014-12-31,"DECEMBER ","TUE"
20141203,2014-12-03,2014,4,12,3,2014-12-01,2014-12-31,"DECEMBER ","WED"
20141204,2014-12-04,2014,4,12,4,2014-12-01,2014-12-31,"DECEMBER ","THU"
20141205,2014-12-05,2014,4,12,5,2014-12-01,2014-12-31,"DECEMBER ","FRI"
20141206,2014-12-06,2014,4,12,6,2014-12-01,2014-12-31,"DECEMBER ","SAT"
20141207,2014-12-07,2014,4,12,7,2014-12-01,2014-12-31,"DECEMBER ","SUN"
20141208,2014-12-08,2014,4,12,8,2014-12-01,2014-12-31,"DECEMBER ","MON"
20141209,2014-12-09,2014,4,12,9,2014-12-01,2014-12-31,"DECEMBER ","TUE"
20141210,2014-12-10,2014,4,12,10,2014-12-01,2014-12-31,"DECEMBER ","WED"
20141211,2014-12-11,2014,4,12,11,2014-12-01,2014-12-31,"DECEMBER ","THU"
20141212,2014-12-12,2014,4,12,12,2014-12-01,2014-12-31,"DECEMBER ","FRI"
20141213,2014-12-13,2014,4,12,13,2014-12-01,2014-12-31,"DECEMBER ","SAT"
20141214,2014-12-14,2014,4,12,14,2014-12-01,2014-12-31,"DECEMBER ","SUN"
20141215,2014-12-15,2014,4,12,15,2014-12-01,2014-12-31,"DECEMBER ","MON"
20141216,2014-12-16,2014,4,12,16,2014-12-01,2014-12-31,"DECEMBER ","TUE"
20141217,2014-12-17,2014,4,12,17,2014-12-01,2014-12-31,"DECEMBER ","WED"
20141218,2014-12-18,2014,4,12,18,2014-12-01,2014-12-31,"DECEMBER ","THU"
20141219,2014-12-19,2014,4,12,19,2014-12-01,2014-12-31,"DECEMBER ","FRI"
20141220,2014-12-20,2014,4,12,20,2014-12-01,2014-12-31,"DECEMBER ","SAT"
20141221,2014-12-21,2014,4,12,21,2014-12-01,2014-12-31,"DECEMBER ","SUN"
20141222,2014-12-22,2014,4,12,22,2014-12-01,2014-12-31,"DECEMBER ","MON"
20141223,2014-12-23,2014,4,12,23,2014-12-01,2014-12-31,"DECEMBER ","TUE"
20141224,2014-12-24,2014,4,12,24,2014-12-01,2014-12-31,"DECEMBER ","WED"
20141225,2014-12-25,2014,4,12,25,2014-12-01,2014-12-31,"DECEMBER ","THU"
20141226,2014-12-26,2014,4,12,26,2014-12-01,2014-12-31,"DECEMBER ","FRI"
20141227,2014-12-27,2014,4,12,27,2014-12-01,2014-12-31,"DECEMBER ","SAT"
20141228,2014-12-28,2014,4,12,28,2014-12-01,2014-12-31,"DECEMBER ","SUN"
20141229,2014-12-29,2014,4,12,29,2014-12-01,2014-12-31,"DECEMBER ","MON"
20141230,2014-12-30,2014,4,12,30,2014-12-01,2014-12-31,"DECEMBER ","TUE"
20141231,2014-12-31,2014,4,12,31,2014-12-01,2014-12-31,"DECEMBER ","WED"
20150101,2015-01-01,2015,1,1,1,2015-01-01,2015-01-31,"JANUARY  ","THU"
20150102,2015-01-02,2015,1,1,2,2015-01-01,2015-01-31,"JANUARY  ","FRI"
20150103,2015-01-03,2015,1,1,3,2015-01-01,2015-01-31,"JANUARY  ","SAT"
20150104,2015-01-04,2015,1,1,4,2015-01-01,2015-01-31,"JANUARY  ","SUN"
20150105,2015-01-05,2015,1,1,5,2015-01-01,2015-01-31,"JANUARY  ","MON"
20150106,2015-01-06,2015,1,1,6,2015-01-01,2015-01-31,"JANUARY  ","TUE"
20150107,2015-01-07,2015,1,1,7,2015-01-01,2015-01-31,"JANUARY  ","WED"
20150108,2015-01-08,2015,1,1,8,2015-01-01,2015-01-31,"JANUARY  ","THU"
20150109,2015-01-09,2015,1,1,9,2015-01-01,2015-01-31,"JANUARY  ","FRI"
20150110,2015-01-10,2015,1,1,10,2015-01-01,2015-01-31,"JANUARY  ","SAT"
20150111,2015-01-11,2015,1,1,11,2015-01-01,2015-01-31,"JANUARY  ","SUN"
20150112,2015-01-12,2015,1,1,12,2015-01-01,2015-01-31,"JANUARY  ","MON"
20150113,2015-01-13,2015,1,1,13,2015-01-01,2015-01-31,"JANUARY  ","TUE"
20150114,2015-01-14,2015,1,1,14,2015-01-01,2015-01-31,"JANUARY  ","WED"
20150115,2015-01-15,2015,1,1,15,2015-01-01,2015-01-31,"JANUARY  ","THU"
20150116,2015-01-16,2015,1,1,16,2015-01-01,2015-01-31,"JANUARY  ","FRI"
20150117,2015-01-17,2015,1,1,17,2015-01-01,2015-01-31,"JANUARY  ","SAT"
20150118,2015-01-18,2015,1,1,18,2015-01-01,2015-01-31,"JANUARY  ","SUN"
20150119,2015-01-19,2015,1,1,19,2015-01-01,2015-01-31,"JANUARY  ","MON"
20150120,2015-01-20,2015,1,1,20,2015-01-01,2015-01-31,"JANUARY  ","TUE"
20150121,2015-01-21,2015,1,1,21,2015-01-01,2015-01-31,"JANUARY  ","WED"
20150122,2015-01-22,2015,1,1,22,2015-01-01,2015-01-31,"JANUARY  ","THU"
20150123,2015-01-23,2015,1,1,23,2015-01-01,2015-01-31,"JANUARY  ","FRI"
20150124,2015-01-24,2015,1,1,24,2015-01-01,2015-01-31,"JANUARY  ","SAT"
20150125,2015-01-25,2015,1,1,25,2015-01-01,2015-01-31,"JANUARY  ","SUN"
20150126,2015-01-26,2015,1,1,26,2015-01-01,2015-01-31,"JANUARY  ","MON"
20150127,2015-01-27,2015,1,1,27,2015-01-01,2015-01-31,"JANUARY  ","TUE"
20150128,2015-01-28,2015,1,1,28,2015-01-01,2015-01-31,"JANUARY  ","WED"
20150129,2015-01-29,2015,1,1,29,2015-01-01,2015-01-31,"JANUARY  ","THU"
20150130,2015-01-30,2015,1,1,30,2015-01-01,2015-01-31,"JANUARY  ","FRI"
20150131,2015-01-31,2015,1,1,31,2015-01-01,2015-01-31,"JANUARY  ","SAT"
20150201,2015-02-01,2015,1,2,1,2015-02-01,2015-02-28,"FEBRUARY ","SUN"
20150202,2015-02-02,2015,1,2,2,2015-02-01,2015-02-28,"FEBRUARY ","MON"
20150203,2015-02-03,2015,1,2,3,2015-02-01,2015-02-28,"FEBRUARY ","TUE"
20150204,2015-02-04,2015,1,2,4,2015-02-01,2015-02-28,"FEBRUARY ","WED"
20150205,2015-02-05,2015,1,2,5,2015-02-01,2015-02-28,"FEBRUARY ","THU"
20150206,2015-02-06,2015,1,2,6,2015-02-01,2015-02-28,"FEBRUARY ","FRI"
20150207,2015-02-07,2015,1,2,7,2015-02-01,2015-02-28,"FEBRUARY ","SAT"
20150208,2015-02-08,2015,1,2,8,2015-02-01,2015-02-28,"FEBRUARY ","SUN"
20150209,2015-02-09,2015,1,2,9,2015-02-01,2015-02-28,"FEBRUARY ","MON"
20150210,2015-02-10,2015,1,2,10,2015-02-01,2015-02-28,"FEBRUARY ","TUE"
20150211,2015-02-11,2015,1,2,11,2015-02-01,2015-02-28,"FEBRUARY ","WED"
20150212,2015-02-12,2015,1,2,12,2015-02-01,2015-02-28,"FEBRUARY ","THU"
20150213,2015-02-13,2015,1,2,13,2015-02-01,2015-02-28,"FEBRUARY ","FRI"
20150214,2015-02-14,2015,1,2,14,2015-02-01,2015-02-28,"FEBRUARY ","SAT"
20150215,2015-02-15,2015,1,2,15,2015-02-01,2015-02-28,"FEBRUARY ","SUN"
20150216,2015-02-16,2015,1,2,16,2015-02-01,2015-02-28,"FEBRUARY ","MON"
20150217,2015-02-17,2015,1,2,17,2015-02-01,2015-02-28,"FEBRUARY ","TUE"
20150218,2015-02-18,2015,1,2,18,2015-02-01,2015-02-28,"FEBRUARY ","WED"
20150219,2015-02-19,2015,1,2,19,2015-02-01,2015-02-28,"FEBRUARY ","THU"
20150220,2015-02-20,2015,1,2,20,2015-02-01,2015-02-28,"FEBRUARY ","FRI"
20150221,2015-02-21,2015,1,2,21,2015-02-01,2015-02-28,"FEBRUARY ","SAT"
20150222,2015-02-22,2015,1,2,22,2015-02-01,2015-02-28,"FEBRUARY ","SUN"
20150223,2015-02-23,2015,1,2,23,2015-02-01,2015-02-28,"FEBRUARY ","MON"
20150224,2015-02-24,2015,1,2,24,2015-02-01,2015-02-28,"FEBRUARY ","TUE"
20150225,2015-02-25,2015,1,2,25,2015-02-01,2015-02-28,"FEBRUARY ","WED"
20150226,2015-02-26,2015,1,2,26,2015-02-01,2015-02-28,"FEBRUARY ","THU"
20150227,2015-02-27,2015,1,2,27,2015-02-01,2015-02-28,"FEBRUARY ","FRI"
20150228,2015-02-28,2015,1,2,28,2015-02-01,2015-02-28,"FEBRUARY ","SAT"
20150301,2015-03-01,2015,1,3,1,2015-03-01,2015-03-31,"MARCH    ","SUN"
20150302,2015-03-02,2015,1,3,2,2015-03-01,2015-03-31,"MARCH    ","MON"
20150303,2015-03-03,2015,1,3,3,2015-03-01,2015-03-31,"MARCH    ","TUE"
20150304,2015-03-04,2015,1,3,4,2015-03-01,2015-03-31,"MARCH    ","WED"
20150305,2015-03-05,2015,1,3,5,2015-03-01,2015-03-31,"MARCH    ","THU"
20150306,2015-03-06,2015,1,3,6,2015-03-01,2015-03-31,"MARCH    ","FRI"
20150307,2015-03-07,2015,1,3,7,2015-03-01,2015-03-31,"MARCH    ","SAT"
20150308,2015-03-08,2015,1,3,8,2015-03-01,2015-03-31,"MARCH    ","SUN"
20150309,2015-03-09,2015,1,3,9,2015-03-01,2015-03-31,"MARCH    ","MON"
20150310,2015-03-10,2015,1,3,10,2015-03-01,2015-03-31,"MARCH    ","TUE"
20150311,2015-03-11,2015,1,3,11,2015-03-01,2015-03-31,"MARCH    ","WED"
20150312,2015-03-12,2015,1,3,12,2015-03-01,2015-03-31,"MARCH    ","THU"
20150313,2015-03-13,2015,1,3,13,2015-03-01,2015-03-31,"MARCH    ","FRI"
20150314,2015-03-14,2015,1,3,14,2015-03-01,2015-03-31,"MARCH    ","SAT"
20150315,2015-03-15,2015,1,3,15,2015-03-01,2015-03-31,"MARCH    ","SUN"
20150316,2015-03-16,2015,1,3,16,2015-03-01,2015-03-31,"MARCH    ","MON"
20150317,2015-03-17,2015,1,3,17,2015-03-01,2015-03-31,"MARCH    ","TUE"
20150318,2015-03-18,2015,1,3,18,2015-03-01,2015-03-31,"MARCH    ","WED"
20150319,2015-03-19,2015,1,3,19,2015-03-01,2015-03-31,"MARCH    ","THU"
20150320,2015-03-20,2015,1,3,20,2015-03-01,2015-03-31,"MARCH    ","FRI"
20150321,2015-03-21,2015,1,3,21,2015-03-01,2015-03-31,"MARCH    ","SAT"
20150322,2015-03-22,2015,1,3,22,2015-03-01,2015-03-31,"MARCH    ","SUN"
20150323,2015-03-23,2015,1,3,23,2015-03-01,2015-03-31,"MARCH    ","MON"
20150324,2015-03-24,2015,1,3,24,2015-03-01,2015-03-31,"MARCH    ","TUE"
20150325,2015-03-25,2015,1,3,25,2015-03-01,2015-03-31,"MARCH    ","WED"
20150326,2015-03-26,2015,1,3,26,2015-03-01,2015-03-31,"MARCH    ","THU"
20150327,2015-03-27,2015,1,3,27,2015-03-01,2015-03-31,"MARCH    ","FRI"
20150328,2015-03-28,2015,1,3,28,2015-03-01,2015-03-31,"MARCH    ","SAT"
20150329,2015-03-29,2015,1,3,29,2015-03-01,2015-03-31,"MARCH    ","SUN"
20150330,2015-03-30,2015,1,3,30,2015-03-01,2015-03-31,"MARCH    ","MON"
20150331,2015-03-31,2015,1,3,31,2015-03-01,2015-03-31,"MARCH    ","TUE"
20150401,2015-04-01,2015,2,4,1,2015-04-01,2015-04-30,"APRIL    ","WED"
20150402,2015-04-02,2015,2,4,2,2015-04-01,2015-04-30,"APRIL    ","THU"
20150403,2015-04-03,2015,2,4,3,2015-04-01,2015-04-30,"APRIL    ","FRI"
20150404,2015-04-04,2015,2,4,4,2015-04-01,2015-04-30,"APRIL    ","SAT"
20150405,2015-04-05,2015,2,4,5,2015-04-01,2015-04-30,"APRIL    ","SUN"
20150406,2015-04-06,2015,2,4,6,2015-04-01,2015-04-30,"APRIL    ","MON"
20150407,2015-04-07,2015,2,4,7,2015-04-01,2015-04-30,"APRIL    ","TUE"
20150408,2015-04-08,2015,2,4,8,2015-04-01,2015-04-30,"APRIL    ","WED"
20150409,2015-04-09,2015,2,4,9,2015-04-01,2015-04-30,"APRIL    ","THU"
20150410,2015-04-10,2015,2,4,10,2015-04-01,2015-04-30,"APRIL    ","FRI"
20150411,2015-04-11,2015,2,4,11,2015-04-01,2015-04-30,"APRIL    ","SAT"
20150412,2015-04-12,2015,2,4,12,2015-04-01,2015-04-30,"APRIL    ","SUN"
20150413,2015-04-13,2015,2,4,13,2015-04-01,2015-04-30,"APRIL    ","MON"
20150414,2015-04-14,2015,2,4,14,2015-04-01,2015-04-30,"APRIL    ","TUE"
20150415,2015-04-15,2015,2,4,15,2015-04-01,2015-04-30,"APRIL    ","WED"
20150416,2015-04-16,2015,2,4,16,2015-04-01,2015-04-30,"APRIL    ","THU"
20150417,2015-04-17,2015,2,4,17,2015-04-01,2015-04-30,"APRIL    ","FRI"
20150418,2015-04-18,2015,2,4,18,2015-04-01,2015-04-30,"APRIL    ","SAT"
20150419,2015-04-19,2015,2,4,19,2015-04-01,2015-04-30,"APRIL    ","SUN"
20150420,2015-04-20,2015,2,4,20,2015-04-01,2015-04-30,"APRIL    ","MON"
20150421,2015-04-21,2015,2,4,21,2015-04-01,2015-04-30,"APRIL    ","TUE"
20150422,2015-04-22,2015,2,4,22,2015-04-01,2015-04-30,"APRIL    ","WED"
20150423,2015-04-23,2015,2,4,23,2015-04-01,2015-04-30,"APRIL    ","THU"
20150424,2015-04-24,2015,2,4,24,2015-04-01,2015-04-30,"APRIL    ","FRI"
20150425,2015-04-25,2015,2,4,25,2015-04-01,2015-04-30,"APRIL    ","SAT"
20150426,2015-04-26,2015,2,4,26,2015-04-01,2015-04-30,"APRIL    ","SUN"
20150427,2015-04-27,2015,2,4,27,2015-04-01,2015-04-30,"APRIL    ","MON"
20150428,2015-04-28,2015,2,4,28,2015-04-01,2015-04-30,"APRIL    ","TUE"
20150429,2015-04-29,2015,2,4,29,2015-04-01,2015-04-30,"APRIL    ","WED"
20150430,2015-04-30,2015,2,4,30,2015-04-01,2015-04-30,"APRIL    ","THU"
20150501,2015-05-01,2015,2,5,1,2015-05-01,2015-05-31,"MAY      ","FRI"
20150502,2015-05-02,2015,2,5,2,2015-05-01,2015-05-31,"MAY      ","SAT"
20150503,2015-05-03,2015,2,5,3,2015-05-01,2015-05-31,"MAY      ","SUN"
20150504,2015-05-04,2015,2,5,4,2015-05-01,2015-05-31,"MAY      ","MON"
20150505,2015-05-05,2015,2,5,5,2015-05-01,2015-05-31,"MAY      ","TUE"
20150506,2015-05-06,2015,2,5,6,2015-05-01,2015-05-31,"MAY      ","WED"
20150507,2015-05-07,2015,2,5,7,2015-05-01,2015-05-31,"MAY      ","THU"
20150508,2015-05-08,2015,2,5,8,2015-05-01,2015-05-31,"MAY      ","FRI"
20150509,2015-05-09,2015,2,5,9,2015-05-01,2015-05-31,"MAY      ","SAT"
20150510,2015-05-10,2015,2,5,10,2015-05-01,2015-05-31,"MAY      ","SUN"
20150511,2015-05-11,2015,2,5,11,2015-05-01,2015-05-31,"MAY      ","MON"
20150512,2015-05-12,2015,2,5,12,2015-05-01,2015-05-31,"MAY      ","TUE"
20150513,2015-05-13,2015,2,5,13,2015-05-01,2015-05-31,"MAY      ","WED"
20150514,2015-05-14,2015,2,5,14,2015-05-01,2015-05-31,"MAY      ","THU"
20150515,2015-05-15,2015,2,5,15,2015-05-01,2015-05-31,"MAY      ","FRI"
20150516,2015-05-16,2015,2,5,16,2015-05-01,2015-05-31,"MAY      ","SAT"
20150517,2015-05-17,2015,2,5,17,2015-05-01,2015-05-31,"MAY      ","SUN"
20150518,2015-05-18,2015,2,5,18,2015-05-01,2015-05-31,"MAY      ","MON"
20150519,2015-05-19,2015,2,5,19,2015-05-01,2015-05-31,"MAY      ","TUE"
20150520,2015-05-20,2015,2,5,20,2015-05-01,2015-05-31,"MAY      ","WED"
20150521,2015-05-21,2015,2,5,21,2015-05-01,2015-05-31,"MAY      ","THU"
20150522,2015-05-22,2015,2,5,22,2015-05-01,2015-05-31,"MAY      ","FRI"
20150523,2015-05-23,2015,2,5,23,2015-05-01,2015-05-31,"MAY      ","SAT"
20150524,2015-05-24,2015,2,5,24,2015-05-01,2015-05-31,"MAY      ","SUN"
20150525,2015-05-25,2015,2,5,25,2015-05-01,2015-05-31,"MAY      ","MON"
20150526,2015-05-26,2015,2,5,26,2015-05-01,2015-05-31,"MAY      ","TUE"
20150527,2015-05-27,2015,2,5,27,2015-05-01,2015-05-31,"MAY      ","WED"
20150528,2015-05-28,2015,2,5,28,2015-05-01,2015-05-31,"MAY      ","THU"
20150529,2015-05-29,2015,2,5,29,2015-05-01,2015-05-31,"MAY      ","FRI"
20150530,2015-05-30,2015,2,5,30,2015-05-01,2015-05-31,"MAY      ","SAT"
20150531,2015-05-31,2015,2,5,31,2015-05-01,2015-05-31,"MAY      ","SUN"
20150601,2015-06-01,2015,2,6,1,2015-06-01,2015-06-30,"JUNE     ","MON"
20150602,2015-06-02,2015,2,6,2,2015-06-01,2015-06-30,"JUNE     ","TUE"
20150603,2015-06-03,2015,2,6,3,2015-06-01,2015-06-30,"JUNE     ","WED"
20150604,2015-06-04,2015,2,6,4,2015-06-01,2015-06-30,"JUNE     ","THU"
20150605,2015-06-05,2015,2,6,5,2015-06-01,2015-06-30,"JUNE     ","FRI"
20150606,2015-06-06,2015,2,6,6,2015-06-01,2015-06-30,"JUNE     ","SAT"
20150607,2015-06-07,2015,2,6,7,2015-06-01,2015-06-30,"JUNE     ","SUN"
20150608,2015-06-08,2015,2,6,8,2015-06-01,2015-06-30,"JUNE     ","MON"
20150609,2015-06-09,2015,2,6,9,2015-06-01,2015-06-30,"JUNE     ","TUE"
20150610,2015-06-10,2015,2,6,10,2015-06-01,2015-06-30,"JUNE     ","WED"
20150611,2015-06-11,2015,2,6,11,2015-06-01,2015-06-30,"JUNE     ","THU"
20150612,2015-06-12,2015,2,6,12,2015-06-01,2015-06-30,"JUNE     ","FRI"
20150613,2015-06-13,2015,2,6,13,2015-06-01,2015-06-30,"JUNE     ","SAT"
20150614,2015-06-14,2015,2,6,14,2015-06-01,2015-06-30,"JUNE     ","SUN"
20150615,2015-06-15,2015,2,6,15,2015-06-01,2015-06-30,"JUNE     ","MON"
20150616,2015-06-16,2015,2,6,16,2015-06-01,2015-06-30,"JUNE     ","TUE"
20150617,2015-06-17,2015,2,6,17,2015-06-01,2015-06-30,"JUNE     ","WED"
20150618,2015-06-18,2015,2,6,18,2015-06-01,2015-06-30,"JUNE     ","THU"
20150619,2015-06-19,2015,2,6,19,2015-06-01,2015-06-30,"JUNE     ","FRI"
20150620,2015-06-20,2015,2,6,20,2015-06-01,2015-06-30,"JUNE     ","SAT"
20150621,2015-06-21,2015,2,6,21,2015-06-01,2015-06-30,"JUNE     ","SUN"
20150622,2015-06-22,2015,2,6,22,2015-06-01,2015-06-30,"JUNE     ","MON"
20150623,2015-06-23,2015,2,6,23,2015-06-01,2015-06-30,"JUNE     ","TUE"
20150624,2015-06-24,2015,2,6,24,2015-06-01,2015-06-30,"JUNE     ","WED"
20150625,2015-06-25,2015,2,6,25,2015-06-01,2015-06-30,"JUNE     ","THU"
20150626,2015-06-26,2015,2,6,26,2015-06-01,2015-06-30,"JUNE     ","FRI"
20150627,2015-06-27,2015,2,6,27,2015-06-01,2015-06-30,"JUNE     ","SAT"
20150628,2015-06-28,2015,2,6,28,2015-06-01,2015-06-30,"JUNE     ","SUN"
20150629,2015-06-29,2015,2,6,29,2015-06-01,2015-06-30,"JUNE     ","MON"
20150630,2015-06-30,2015,2,6,30,2015-06-01,2015-06-30,"JUNE     ","TUE"
20150701,2015-07-01,2015,3,7,1,2015-07-01,2015-07-31,"JULY     ","WED"
20150702,2015-07-02,2015,3,7,2,2015-07-01,2015-07-31,"JULY     ","THU"
20150703,2015-07-03,2015,3,7,3,2015-07-01,2015-07-31,"JULY     ","FRI"
20150704,2015-07-04,2015,3,7,4,2015-07-01,2015-07-31,"JULY     ","SAT"
20150705,2015-07-05,2015,3,7,5,2015-07-01,2015-07-31,"JULY     ","SUN"
20150706,2015-07-06,2015,3,7,6,2015-07-01,2015-07-31,"JULY     ","MON"
20150707,2015-07-07,2015,3,7,7,2015-07-01,2015-07-31,"JULY     ","TUE"
20150708,2015-07-08,2015,3,7,8,2015-07-01,2015-07-31,"JULY     ","WED"
20150709,2015-07-09,2015,3,7,9,2015-07-01,2015-07-31,"JULY     ","THU"
20150710,2015-07-10,2015,3,7,10,2015-07-01,2015-07-31,"JULY     ","FRI"
20150711,2015-07-11,2015,3,7,11,2015-07-01,2015-07-31,"JULY     ","SAT"
20150712,2015-07-12,2015,3,7,12,2015-07-01,2015-07-31,"JULY     ","SUN"
20150713,2015-07-13,2015,3,7,13,2015-07-01,2015-07-31,"JULY     ","MON"
20150714,2015-07-14,2015,3,7,14,2015-07-01,2015-07-31,"JULY     ","TUE"
20150715,2015-07-15,2015,3,7,15,2015-07-01,2015-07-31,"JULY     ","WED"
20150716,2015-07-16,2015,3,7,16,2015-07-01,2015-07-31,"JULY     ","THU"
20150717,2015-07-17,2015,3,7,17,2015-07-01,2015-07-31,"JULY     ","FRI"
20150718,2015-07-18,2015,3,7,18,2015-07-01,2015-07-31,"JULY     ","SAT"
20150719,2015-07-19,2015,3,7,19,2015-07-01,2015-07-31,"JULY     ","SUN"
20150720,2015-07-20,2015,3,7,20,2015-07-01,2015-07-31,"JULY     ","MON"
20150721,2015-07-21,2015,3,7,21,2015-07-01,2015-07-31,"JULY     ","TUE"
20150722,2015-07-22,2015,3,7,22,2015-07-01,2015-07-31,"JULY     ","WED"
20150723,2015-07-23,2015,3,7,23,2015-07-01,2015-07-31,"JULY     ","THU"
20150724,2015-07-24,2015,3,7,24,2015-07-01,2015-07-31,"JULY     ","FRI"
20150725,2015-07-25,2015,3,7,25,2015-07-01,2015-07-31,"JULY     ","SAT"
20150726,2015-07-26,2015,3,7,26,2015-07-01,2015-07-31,"JULY     ","SUN"
20150727,2015-07-27,2015,3,7,27,2015-07-01,2015-07-31,"JULY     ","MON"
20150728,2015-07-28,2015,3,7,28,2015-07-01,2015-07-31,"JULY     ","TUE"
20150729,2015-07-29,2015,3,7,29,2015-07-01,2015-07-31,"JULY     ","WED"
20150730,2015-07-30,2015,3,7,30,2015-07-01,2015-07-31,"JULY     ","THU"
20150731,2015-07-31,2015,3,7,31,2015-07-01,2015-07-31,"JULY     ","FRI"
20150801,2015-08-01,2015,3,8,1,2015-08-01,2015-08-31,"AUGUST   ","SAT"
20150802,2015-08-02,2015,3,8,2,2015-08-01,2015-08-31,"AUGUST   ","SUN"
20150803,2015-08-03,2015,3,8,3,2015-08-01,2015-08-31,"AUGUST   ","MON"
20150804,2015-08-04,2015,3,8,4,2015-08-01,2015-08-31,"AUGUST   ","TUE"
20150805,2015-08-05,2015,3,8,5,2015-08-01,2015-08-31,"AUGUST   ","WED"
20150806,2015-08-06,2015,3,8,6,2015-08-01,2015-08-31,"AUGUST   ","THU"
20150807,2015-08-07,2015,3,8,7,2015-08-01,2015-08-31,"AUGUST   ","FRI"
20150808,2015-08-08,2015,3,8,8,2015-08-01,2015-08-31,"AUGUST   ","SAT"
20150809,2015-08-09,2015,3,8,9,2015-08-01,2015-08-31,"AUGUST   ","SUN"
20150810,2015-08-10,2015,3,8,10,2015-08-01,2015-08-31,"AUGUST   ","MON"
20150811,2015-08-11,2015,3,8,11,2015-08-01,2015-08-31,"AUGUST   ","TUE"
20150812,2015-08-12,2015,3,8,12,2015-08-01,2015-08-31,"AUGUST   ","WED"
20150813,2015-08-13,2015,3,8,13,2015-08-01,2015-08-31,"AUGUST   ","THU"
20150814,2015-08-14,2015,3,8,14,2015-08-01,2015-08-31,"AUGUST   ","FRI"
20150815,2015-08-15,2015,3,8,15,2015-08-01,2015-08-31,"AUGUST   ","SAT"
20150816,2015-08-16,2015,3,8,16,2015-08-01,2015-08-31,"AUGUST   ","SUN"
20150817,2015-08-17,2015,3,8,17,2015-08-01,2015-08-31,"AUGUST   ","MON"
20150818,2015-08-18,2015,3,8,18,2015-08-01,2015-08-31,"AUGUST   ","TUE"
20150819,2015-08-19,2015,3,8,19,2015-08-01,2015-08-31,"AUGUST   ","WED"
20150820,2015-08-20,2015,3,8,20,2015-08-01,2015-08-31,"AUGUST   ","THU"
20150821,2015-08-21,2015,3,8,21,2015-08-01,2015-08-31,"AUGUST   ","FRI"
20150822,2015-08-22,2015,3,8,22,2015-08-01,2015-08-31,"AUGUST   ","SAT"
20150823,2015-08-23,2015,3,8,23,2015-08-01,2015-08-31,"AUGUST   ","SUN"
20150824,2015-08-24,2015,3,8,24,2015-08-01,2015-08-31,"AUGUST   ","MON"
20150825,2015-08-25,2015,3,8,25,2015-08-01,2015-08-31,"AUGUST   ","TUE"
20150826,2015-08-26,2015,3,8,26,2015-08-01,2015-08-31,"AUGUST   ","WED"
20150827,2015-08-27,2015,3,8,27,2015-08-01,2015-08-31,"AUGUST   ","THU"
20150828,2015-08-28,2015,3,8,28,2015-08-01,2015-08-31,"AUGUST   ","FRI"
20150829,2015-08-29,2015,3,8,29,2015-08-01,2015-08-31,"AUGUST   ","SAT"
20150830,2015-08-30,2015,3,8,30,2015-08-01,2015-08-31,"AUGUST   ","SUN"
20150831,2015-08-31,2015,3,8,31,2015-08-01,2015-08-31,"AUGUST   ","MON"
20150901,2015-09-01,2015,3,9,1,2015-09-01,2015-09-30,"SEPTEMBER","TUE"
20150902,2015-09-02,2015,3,9,2,2015-09-01,2015-09-30,"SEPTEMBER","WED"
20150903,2015-09-03,2015,3,9,3,2015-09-01,2015-09-30,"SEPTEMBER","THU"
20150904,2015-09-04,2015,3,9,4,2015-09-01,2015-09-30,"SEPTEMBER","FRI"
20150905,2015-09-05,2015,3,9,5,2015-09-01,2015-09-30,"SEPTEMBER","SAT"
20150906,2015-09-06,2015,3,9,6,2015-09-01,2015-09-30,"SEPTEMBER","SUN"
20150907,2015-09-07,2015,3,9,7,2015-09-01,2015-09-30,"SEPTEMBER","MON"
20150908,2015-09-08,2015,3,9,8,2015-09-01,2015-09-30,"SEPTEMBER","TUE"
20150909,2015-09-09,2015,3,9,9,2015-09-01,2015-09-30,"SEPTEMBER","WED"
20150910,2015-09-10,2015,3,9,10,2015-09-01,2015-09-30,"SEPTEMBER","THU"
20150911,2015-09-11,2015,3,9,11,2015-09-01,2015-09-30,"SEPTEMBER","FRI"
20150912,2015-09-12,2015,3,9,12,2015-09-01,2015-09-30,"SEPTEMBER","SAT"
20150913,2015-09-13,2015,3,9,13,2015-09-01,2015-09-30,"SEPTEMBER","SUN"
20150914,2015-09-14,2015,3,9,14,2015-09-01,2015-09-30,"SEPTEMBER","MON"
20150915,2015-09-15,2015,3,9,15,2015-09-01,2015-09-30,"SEPTEMBER","TUE"
20150916,2015-09-16,2015,3,9,16,2015-09-01,2015-09-30,"SEPTEMBER","WED"
20150917,2015-09-17,2015,3,9,17,2015-09-01,2015-09-30,"SEPTEMBER","THU"
20150918,2015-09-18,2015,3,9,18,2015-09-01,2015-09-30,"SEPTEMBER","FRI"
20150919,2015-09-19,2015,3,9,19,2015-09-01,2015-09-30,"SEPTEMBER","SAT"
20150920,2015-09-20,2015,3,9,20,2015-09-01,2015-09-30,"SEPTEMBER","SUN"
20150921,2015-09-21,2015,3,9,21,2015-09-01,2015-09-30,"SEPTEMBER","MON"
20150922,2015-09-22,2015,3,9,22,2015-09-01,2015-09-30,"SEPTEMBER","TUE"
20150923,2015-09-23,2015,3,9,23,2015-09-01,2015-09-30,"SEPTEMBER","WED"
20150924,2015-09-24,2015,3,9,24,2015-09-01,2015-09-30,"SEPTEMBER","THU"
20150925,2015-09-25,2015,3,9,25,2015-09-01,2015-09-30,"SEPTEMBER","FRI"
20150926,2015-09-26,2015,3,9,26,2015-09-01,2015-09-30,"SEPTEMBER","SAT"
20150927,2015-09-27,2015,3,9,27,2015-09-01,2015-09-30,"SEPTEMBER","SUN"
20150928,2015-09-28,2015,3,9,28,2015-09-01,2015-09-30,"SEPTEMBER","MON"
20150929,2015-09-29,2015,3,9,29,2015-09-01,2015-09-30,"SEPTEMBER","TUE"
20150930,2015-09-30,2015,3,9,30,2015-09-01,2015-09-30,"SEPTEMBER","WED"
20151001,2015-10-01,2015,4,10,1,2015-10-01,2015-10-31,"OCTOBER  ","THU"
20151002,2015-10-02,2015,4,10,2,2015-10-01,2015-10-31,"OCTOBER  ","FRI"
20151003,2015-10-03,2015,4,10,3,2015-10-01,2015-10-31,"OCTOBER  ","SAT"
20151004,2015-10-04,2015,4,10,4,2015-10-01,2015-10-31,"OCTOBER  ","SUN"
20151005,2015-10-05,2015,4,10,5,2015-10-01,2015-10-31,"OCTOBER  ","MON"
20151006,2015-10-06,2015,4,10,6,2015-10-01,2015-10-31,"OCTOBER  ","TUE"
20151007,2015-10-07,2015,4,10,7,2015-10-01,2015-10-31,"OCTOBER  ","WED"
20151008,2015-10-08,2015,4,10,8,2015-10-01,2015-10-31,"OCTOBER  ","THU"
20151009,2015-10-09,2015,4,10,9,2015-10-01,2015-10-31,"OCTOBER  ","FRI"
20151010,2015-10-10,2015,4,10,10,2015-10-01,2015-10-31,"OCTOBER  ","SAT"
20151011,2015-10-11,2015,4,10,11,2015-10-01,2015-10-31,"OCTOBER  ","SUN"
20151012,2015-10-12,2015,4,10,12,2015-10-01,2015-10-31,"OCTOBER  ","MON"
20151013,2015-10-13,2015,4,10,13,2015-10-01,2015-10-31,"OCTOBER  ","TUE"
20151014,2015-10-14,2015,4,10,14,2015-10-01,2015-10-31,"OCTOBER  ","WED"
20151015,2015-10-15,2015,4,10,15,2015-10-01,2015-10-31,"OCTOBER  ","THU"
20151016,2015-10-16,2015,4,10,16,2015-10-01,2015-10-31,"OCTOBER  ","FRI"
20151017,2015-10-17,2015,4,10,17,2015-10-01,2015-10-31,"OCTOBER  ","SAT"
20151018,2015-10-18,2015,4,10,18,2015-10-01,2015-10-31,"OCTOBER  ","SUN"
20151019,2015-10-19,2015,4,10,19,2015-10-01,2015-10-31,"OCTOBER  ","MON"
20151020,2015-10-20,2015,4,10,20,2015-10-01,2015-10-31,"OCTOBER  ","TUE"
20151021,2015-10-21,2015,4,10,21,2015-10-01,2015-10-31,"OCTOBER  ","WED"
20151022,2015-10-22,2015,4,10,22,2015-10-01,2015-10-31,"OCTOBER  ","THU"
20151023,2015-10-23,2015,4,10,23,2015-10-01,2015-10-31,"OCTOBER  ","FRI"
20151024,2015-10-24,2015,4,10,24,2015-10-01,2015-10-31,"OCTOBER  ","SAT"
20151025,2015-10-25,2015,4,10,25,2015-10-01,2015-10-31,"OCTOBER  ","SUN"
20151026,2015-10-26,2015,4,10,26,2015-10-01,2015-10-31,"OCTOBER  ","MON"
20151027,2015-10-27,2015,4,10,27,2015-10-01,2015-10-31,"OCTOBER  ","TUE"
20151028,2015-10-28,2015,4,10,28,2015-10-01,2015-10-31,"OCTOBER  ","WED"
20151029,2015-10-29,2015,4,10,29,2015-10-01,2015-10-31,"OCTOBER  ","THU"
20151030,2015-10-30,2015,4,10,30,2015-10-01,2015-10-31,"OCTOBER  ","FRI"
20151031,2015-10-31,2015,4,10,31,2015-10-01,2015-10-31,"OCTOBER  ","SAT"
20151101,2015-11-01,2015,4,11,1,2015-11-01,2015-11-30,"NOVEMBER ","SUN"
20151102,2015-11-02,2015,4,11,2,2015-11-01,2015-11-30,"NOVEMBER ","MON"
20151103,2015-11-03,2015,4,11,3,2015-11-01,2015-11-30,"NOVEMBER ","TUE"
20151104,2015-11-04,2015,4,11,4,2015-11-01,2015-11-30,"NOVEMBER ","WED"
20151105,2015-11-05,2015,4,11,5,2015-11-01,2015-11-30,"NOVEMBER ","THU"
20151106,2015-11-06,2015,4,11,6,2015-11-01,2015-11-30,"NOVEMBER ","FRI"
20151107,2015-11-07,2015,4,11,7,2015-11-01,2015-11-30,"NOVEMBER ","SAT"
20151108,2015-11-08,2015,4,11,8,2015-11-01,2015-11-30,"NOVEMBER ","SUN"
20151109,2015-11-09,2015,4,11,9,2015-11-01,2015-11-30,"NOVEMBER ","MON"
20151110,2015-11-10,2015,4,11,10,2015-11-01,2015-11-30,"NOVEMBER ","TUE"
20151111,2015-11-11,2015,4,11,11,2015-11-01,2015-11-30,"NOVEMBER ","WED"
20151112,2015-11-12,2015,4,11,12,2015-11-01,2015-11-30,"NOVEMBER ","THU"
20151113,2015-11-13,2015,4,11,13,2015-11-01,2015-11-30,"NOVEMBER ","FRI"
20151114,2015-11-14,2015,4,11,14,2015-11-01,2015-11-30,"NOVEMBER ","SAT"
20151115,2015-11-15,2015,4,11,15,2015-11-01,2015-11-30,"NOVEMBER ","SUN"
20151116,2015-11-16,2015,4,11,16,2015-11-01,2015-11-30,"NOVEMBER ","MON"
20151117,2015-11-17,2015,4,11,17,2015-11-01,2015-11-30,"NOVEMBER ","TUE"
20151118,2015-11-18,2015,4,11,18,2015-11-01,2015-11-30,"NOVEMBER ","WED"
20151119,2015-11-19,2015,4,11,19,2015-11-01,2015-11-30,"NOVEMBER ","THU"
20151120,2015-11-20,2015,4,11,20,2015-11-01,2015-11-30,"NOVEMBER ","FRI"
20151121,2015-11-21,2015,4,11,21,2015-11-01,2015-11-30,"NOVEMBER ","SAT"
20151122,2015-11-22,2015,4,11,22,2015-11-01,2015-11-30,"NOVEMBER ","SUN"
20151123,2015-11-23,2015,4,11,23,2015-11-01,2015-11-30,"NOVEMBER ","MON"
20151124,2015-11-24,2015,4,11,24,2015-11-01,2015-11-30,"NOVEMBER ","TUE"
20151125,2015-11-25,2015,4,11,25,2015-11-01,2015-11-30,"NOVEMBER ","WED"
20151126,2015-11-26,2015,4,11,26,2015-11-01,2015-11-30,"NOVEMBER ","THU"
20151127,2015-11-27,2015,4,11,27,2015-11-01,2015-11-30,"NOVEMBER ","FRI"
20151128,2015-11-28,2015,4,11,28,2015-11-01,2015-11-30,"NOVEMBER ","SAT"
20151129,2015-11-29,2015,4,11,29,2015-11-01,2015-11-30,"NOVEMBER ","SUN"
20151130,2015-11-30,2015,4,11,30,2015-11-01,2015-11-30,"NOVEMBER ","MON"
20151201,2015-12-01,2015,4,12,1,2015-12-01,2015-12-31,"DECEMBER ","TUE"
20151202,2015-12-02,2015,4,12,2,2015-12-01,2015-12-31,"DECEMBER ","WED"
20151203,2015-12-03,2015,4,12,3,2015-12-01,2015-12-31,"DECEMBER ","THU"
20151204,2015-12-04,2015,4,12,4,2015-12-01,2015-12-31,"DECEMBER ","FRI"
20151205,2015-12-05,2015,4,12,5,2015-12-01,2015-12-31,"DECEMBER ","SAT"
20151206,2015-12-06,2015,4,12,6,2015-12-01,2015-12-31,"DECEMBER ","SUN"
20151207,2015-12-07,2015,4,12,7,2015-12-01,2015-12-31,"DECEMBER ","MON"
20151208,2015-12-08,2015,4,12,8,2015-12-01,2015-12-31,"DECEMBER ","TUE"
20151209,2015-12-09,2015,4,12,9,2015-12-01,2015-12-31,"DECEMBER ","WED"
20151210,2015-12-10,2015,4,12,10,2015-12-01,2015-12-31,"DECEMBER ","THU"
20151211,2015-12-11,2015,4,12,11,2015-12-01,2015-12-31,"DECEMBER ","FRI"
20151212,2015-12-12,2015,4,12,12,2015-12-01,2015-12-31,"DECEMBER ","SAT"
20151213,2015-12-13,2015,4,12,13,2015-12-01,2015-12-31,"DECEMBER ","SUN"
20151214,2015-12-14,2015,4,12,14,2015-12-01,2015-12-31,"DECEMBER ","MON"
20151215,2015-12-15,2015,4,12,15,2015-12-01,2015-12-31,"DECEMBER ","TUE"
20151216,2015-12-16,2015,4,12,16,2015-12-01,2015-12-31,"DECEMBER ","WED"
20151217,2015-12-17,2015,4,12,17,2015-12-01,2015-12-31,"DECEMBER ","THU"
20151218,2015-12-18,2015,4,12,18,2015-12-01,2015-12-31,"DECEMBER ","FRI"
20151219,2015-12-19,2015,4,12,19,2015-12-01,2015-12-31,"DECEMBER ","SAT"
20151220,2015-12-20,2015,4,12,20,2015-12-01,2015-12-31,"DECEMBER ","SUN"
20151221,2015-12-21,2015,4,12,21,2015-12-01,2015-12-31,"DECEMBER ","MON"
20151222,2015-12-22,2015,4,12,22,2015-12-01,2015-12-31,"DECEMBER ","TUE"
20151223,2015-12-23,2015,4,12,23,2015-12-01,2015-12-31,"DECEMBER ","WED"
20151224,2015-12-24,2015,4,12,24,2015-12-01,2015-12-31,"DECEMBER ","THU"
20151225,2015-12-25,2015,4,12,25,2015-12-01,2015-12-31,"DECEMBER ","FRI"
20151226,2015-12-26,2015,4,12,26,2015-12-01,2015-12-31,"DECEMBER ","SAT"
20151227,2015-12-27,2015,4,12,27,2015-12-01,2015-12-31,"DECEMBER ","SUN"
20151228,2015-12-28,2015,4,12,28,2015-12-01,2015-12-31,"DECEMBER ","MON"
20151229,2015-12-29,2015,4,12,29,2015-12-01,2015-12-31,"DECEMBER ","TUE"
20151230,2015-12-30,2015,4,12,30,2015-12-01,2015-12-31,"DECEMBER ","WED"
20151231,2015-12-31,2015,4,12,31,2015-12-01,2015-12-31,"DECEMBER ","THU"
